LATITUDE,LONGITUDE,FIRE_SIZE,NWCG_GENERAL_CAUSE,NWCG_CAUSE_CLASSIFICATION,FIRE_YEAR,DISCOVERY_DOY,cause_binary,fire_size_log,t_param,s_param
36.41833333,-114.72666667,0.1,Debris and open burning,Human,1994,149,1,0.09531017980432487,0.576389979374179,0.5595777149749549
35.9667,-114.5341,1.0,Debris and open burning,Human,1996,120,1,0.6931471805599453,0.3516726608191193,0.35330777948694836
35.9667,-114.5841,0.2,Debris and open burning,Human,1996,129,1,0.18232155679395465,0.43797596655004445,0.43409371484021236
35.9,-113.8758,0.1,Natural,Natural,1992,155,0,0.09531017980432487,0.06182554677808202,0.07301224408794653
35.96,-113.8641,600.0,Natural,Natural,1993,215,0,6.398594934535208,0.07251706099180107,0.09019646973329962
35.84,-113.8575,0.1,Natural,Natural,1993,217,0,0.09531017980432487,0.061827953302832986,0.07301228694017353
35.9869,-113.8727,10250.0,Natural,Natural,1994,182,0,9.235130540783402,0.07297939263846925,0.09084249241290014
35.9039,-113.7547,0.7,Natural,Natural,1994,211,0,0.5306282510621704,0.0618312963369241,0.0730123330290545
35.96,-113.7941,600.0,Natural,Natural,1995,179,0,6.398594934535208,0.061828323776990705,0.07301229277873449
35.975,-113.9008,953.0,Natural,Natural,1995,180,0,6.860663671448287,0.07433503471620527,0.09276986269956813
35.8583,-113.9008,2.0,Natural,Natural,1995,182,0,1.0986122886681098,0.06182616269683403,0.07301225622927279
35.9353,-113.87,4.0,Natural,Natural,1995,235,0,1.6094379124341003,0.06182298941184085,0.07301218346737333
35.968,-113.853,15.0,Natural,Natural,1995,235,0,2.772588722239781,0.061815907725711744,0.0730119187598091
35.9189,-113.853,0.3,Natural,Natural,1996,192,0,0.262364264467491,0.0618257745929594,0.07301224868131885
35.8025,-113.8855,0.3,Natural,Natural,1996,192,0,0.262364264467491,0.06182773876690638,0.07301228303782076
35.8186,-113.8519,0.3,Natural,Natural,1996,196,0,0.262364264467491,0.06182837223475466,0.07301229350405992
35.9353,-113.87,15.0,Natural,Natural,1996,227,0,2.772588722239781,0.06182298941184085,0.07301218346737333
35.835,-113.8519,0.1,Natural,Natural,1996,227,0,0.09531017980432487,0.061828182797404804,0.0730122904750227
35.8,-113.818,1.0,Natural,Natural,1996,228,0,0.6931471805599453,0.06182931283792126,0.07301230631846232
36.0169,-113.8194,0.1,Natural,Natural,1996,229,0,0.09531017980432487,0.06719448934896316,0.08027824371847431
35.9842,-113.8194,0.1,Natural,Natural,1996,229,0,0.09531017980432487,0.06180859253143346,0.07301149018758747
35.8514,-113.853,0.1,Natural,Natural,1996,229,0,0.09531017980432487,0.061827913718274514,0.07301228632228071
35.835,-113.8855,0.1,Natural,Natural,1996,229,0,0.09531017980432487,0.06182722312065286,0.07301227464092043
35.8678,-113.853,1.0,Natural,Natural,1996,245,0,0.6931471805599453,0.061827611628175363,0.07301228100935571
35.8283,-113.8575,0.3,Natural,Natural,1997,201,0,0.262364264467491,0.06182811354170306,0.07301228958461403
35.8267,-113.8058,0.3,Natural,Natural,1999,255,0,0.262364264467491,0.06182949119237595,0.0730123087698183
36.45,-113.8175,0.1,Natural,Natural,1992,125,0,0.09531017980432487,0.007178591768878638,0.00689152634728783
36.5666,-113.8508,0.1,Natural,Natural,1992,176,0,0.09531017980432487,0.0019519162197469105,0.004302627444654274
36.4333,-113.8841,0.1,Natural,Natural,1992,176,0,0.09531017980432487,0.0020535178763196474,0.004401514670795753
36.5,-113.8675,4.0,Natural,Natural,1992,176,0,1.6094379124341003,0.0019932442716632313,0.004343726897202064
36.5666,-113.7341,0.1,Natural,Natural,1992,176,0,0.09531017980432487,0.007179542590816117,0.0068916379039748515
36.55,-113.7341,0.1,Natural,Natural,1992,176,0,0.09531017980432487,0.007182205028811109,0.006891949760052266
36.5833,-114.0341,0.1,Natural,Natural,1992,176,0,0.09531017980432487,0.7942585539925767,0.7826353785469096
36.5333,-113.8341,12.7,Natural,Natural,1992,195,0,2.617395832834079,0.002053162754735278,0.004401181384675442
36.1667,-113.7841,0.2,Natural,Natural,1992,213,0,0.18232155679395465,0.05172622475989083,0.06123240271433394
36.5166,-113.7508,0.1,Natural,Natural,1992,215,0,0.09531017980432487,0.00718404959654502,0.0068921654282133645
36.6,-113.7341,0.1,Natural,Natural,1992,215,0,0.09531017980432487,0.0071745906822793405,0.006891055685656076
36.5666,-113.8341,0.1,Natural,Natural,1992,215,0,0.09531017980432487,0.0020043025474278248,0.004354516559501906
36.5333,-113.9008,0.1,Natural,Natural,1992,218,0,0.09531017980432487,0.001810956737440892,0.00415258044214184
36.4666,-113.8341,0.1,Natural,Natural,1992,219,0,0.09531017980432487,0.00716933603576322,0.0068904339855284154
36.4333,-113.9675,0.1,Natural,Natural,1992,219,0,0.09531017980432487,0.9916180768785394,0.9905183124652901
36.4,-113.8675,0.1,Natural,Natural,1992,219,0,0.09531017980432487,0.007171677802363744,0.0068907116105572305
36.3333,-113.8508,0.1,Natural,Natural,1992,219,0,0.09531017980432487,0.00720199521976997,0.0068942574412567065
36.4166,-113.8341,0.3,Natural,Natural,1992,225,0,0.262364264467491,0.0071808805334038685,0.006891794709858873
36.6,-114.0008,0.1,Natural,Natural,1992,225,0,0.09531017980432487,0.7942462640270458,0.7826265820825937
36.5166,-113.9508,7406.6,Natural,Natural,1993,171,0,8.91026177918785,0.9916035459196993,0.990512954384663
36.4333,-113.8508,729.0,Natural,Natural,1993,215,0,6.593044534142437,0.007170354517831969,0.006890554848072847
36.5166,-113.8175,10.0,Natural,Natural,1993,216,0,2.3978952727983707,0.00716557027357694,0.006889985397711171
36.55,-113.8008,1125.0,Natural,Natural,1993,217,0,7.026426808699636,0.007165186514489082,0.006889939522509317
36.45,-113.8341,0.1,Natural,Natural,1993,219,0,0.09531017980432487,0.007172859557049023,0.0068908513609050115
36.45,-113.8508,0.1,Natural,Natural,1993,219,0,0.09531017980432487,0.007166621746184555,0.0068901109352638755
36.4333,-113.8341,0.1,Natural,Natural,1993,219,0,0.09531017980432487,0.007176701416413881,0.006891304235725471
36.4333,-113.9008,0.1,Natural,Natural,1993,219,0,0.09531017980432487,0.001976547140395639,0.004327270930281383
36.4,-113.8841,0.1,Natural,Natural,1993,219,0,0.09531017980432487,0.00716379398763861,0.006889772791571826
36.4833,-113.8841,0.1,Natural,Natural,1993,219,0,0.09531017980432487,0.001956343066485089,0.004307089354879304
36.4666,-113.8841,0.1,Natural,Natural,1993,219,0,0.09531017980432487,0.001986244899408036,0.004336852867166612
36.4666,-113.8841,0.1,Natural,Natural,1993,219,0,0.09531017980432487,0.001986244899408036,0.004336852867166612
36.4666,-113.8841,0.1,Natural,Natural,1993,219,0,0.09531017980432487,0.001986244899408036,0.004336852867166612
36.4666,-113.8841,0.1,Natural,Natural,1993,219,0,0.09531017980432487,0.001986244899408036,0.004336852867166612
36.4666,-113.8841,0.1,Natural,Natural,1993,219,0,0.09531017980432487,0.001986244899408036,0.004336852867166612
36.4666,-113.8841,0.1,Natural,Natural,1993,219,0,0.09531017980432487,0.001986244899408036,0.004336852867166612
36.4666,-113.8841,0.1,Natural,Natural,1993,219,0,0.09531017980432487,0.001986244899408036,0.004336852867166612
36.4666,-113.8841,0.1,Natural,Natural,1993,219,0,0.09531017980432487,0.001986244899408036,0.004336852867166612
36.4666,-113.8841,0.1,Natural,Natural,1993,219,0,0.09531017980432487,0.001986244899408036,0.004336852867166612
36.4666,-113.8841,0.1,Natural,Natural,1993,219,0,0.09531017980432487,0.001986244899408036,0.004336852867166612
36.4666,-113.8841,0.1,Natural,Natural,1993,219,0,0.09531017980432487,0.001986244899408036,0.004336852867166612
36.2,-113.8508,12.0,Natural,Natural,1993,221,0,2.5649493574615367,0.037677007092925104,0.035985772602123774
36.2333,-113.7674,61.7,Natural,Natural,1993,239,0,4.138361447638875,0.05172969073951854,0.061238475641006346
36.5333,-113.9675,2152.5,Natural,Natural,1993,239,0,7.674849704494165,0.9915808802346031,0.9904996588174818
36.4666,-113.9175,8.8,Natural,Natural,1993,240,0,2.2823823856765264,0.0018308767120229668,0.0041747627969312305
36.6,-113.8508,13.2,Natural,Natural,1993,241,0,2.653241964607215,0.0019096504628141366,0.004259285356659745
36.5,-113.8508,0.1,Natural,Natural,1994,201,0,0.09531017980432487,0.0020530836782440137,0.0044011071590586
36.4833,-113.9008,0.1,Natural,Natural,1994,201,0,0.09531017980432487,0.0018839668087661913,0.004232274960801457
36.5833,-113.7175,0.1,Natural,Natural,1994,201,0,0.09531017980432487,0.007180631416067729,0.006891765527865824
36.175,-113.7077,0.1,Natural,Natural,1994,211,0,0.09531017980432487,0.05231868963744636,0.06220432832738627
36.55,-113.9341,1183.0,Natural,Natural,1994,219,0,7.076653815443951,0.9916090867965425,0.9905156347705775
36.3,-113.9675,3.0,Other causes,Human,1994,222,1,1.3862943611198906,0.0018749174969891179,0.004222633801666346
36.4,-113.7675,0.1,Natural,Natural,1994,223,0,0.09531017980432487,0.012817803126102343,0.012232378479634156
36.4166,-113.7841,1.5,Natural,Natural,1994,223,0,0.9162907318741551,0.0071972712895995985,0.00689370662212981
36.5666,-113.8008,225.1,Natural,Natural,1994,224,0,5.420977379283924,0.002098762405204926,0.0044433093899664145
36.5666,-113.8008,0.1,Natural,Natural,1994,224,0,0.09531017980432487,0.002098762405204926,0.0044433093899664145
36.4833,-113.7841,397.2,Natural,Natural,1994,225,0,5.986954391630096,0.007181696941276338,0.006891890301476007
36.4833,-113.9008,155.0,Natural,Natural,1994,230,0,5.049856007249537,0.0018839668087661913,0.004232274960801457
36.5833,-113.8008,3759.0,Natural,Natural,1995,153,0,8.23217423638394,0.002075227506896225,0.004421732862876796
36.5166,-113.7008,70.0,Natural,Natural,1995,153,0,4.2626798770413155,0.0071953216639038696,0.0068934795103967285
36.4333,-114.0008,0.1,Natural,Natural,1995,177,0,0.09531017980432487,0.9915686996415183,0.9904945477162775
36.55,-114.0175,0.1,Natural,Natural,1995,177,0,0.09531017980432487,0.7943354246912785,0.7827048489033737
36.55,-114.0175,0.1,Natural,Natural,1995,177,0,0.09531017980432487,0.7943354246912785,0.7827048489033737
36.5166,-113.9841,0.1,Natural,Natural,1995,177,0,0.09531017980432487,0.9915668909911232,0.9904927990159185
36.5166,-114.0008,0.1,Natural,Natural,1995,177,0,0.09531017980432487,0.9915471782193125,0.9904831301852761
36.5333,-114.0008,0.1,Natural,Natural,1995,177,0,0.09531017980432487,0.7943683608091093,0.7827311375703223
36.5666,-114.0008,0.1,Natural,Natural,1995,177,0,0.09531017980432487,0.794312041074213,0.7826836821671184
36.5666,-114.0175,0.1,Natural,Natural,1995,177,0,0.09531017980432487,0.7943042463039225,0.7826768203133094
36.2,-113.8508,5034.0,Natural,Natural,1995,179,0,8.524168805152662,0.037677007092925104,0.035985772602123774
36.4833,-113.8508,20.0,Natural,Natural,1995,179,0,3.044522437723423,0.002082856503501018,0.004428765484245892
36.5166,-113.7675,5.0,Natural,Natural,1995,179,0,1.791759469228055,0.007179836353614299,0.006891672349329287
36.4666,-113.8508,0.1,Natural,Natural,1995,179,0,0.09531017980432487,0.00716320943580709,0.006889702674178317
36.3333,-113.7341,190.0,Natural,Natural,1995,179,0,5.25227342804663,0.03754156524631036,0.03578877142519419
36.25,-113.7341,2872.0,Natural,Natural,1995,179,0,7.96311205897929,0.05191532006292335,0.061555031942685495
36.5,-113.9008,453.0,Natural,Natural,1995,179,0,6.118097198041348,0.0018577414657201575,0.004204153035053638
36.4666,-113.8675,0.1,Natural,Natural,1995,179,0,0.09531017980432487,0.0020531785808838676,0.004401196239488085
36.4166,-113.7841,0.1,Natural,Natural,1995,179,0,0.09531017980432487,0.0071972712895995985,0.00689370662212981
36.4333,-113.7841,0.1,Natural,Natural,1995,179,0,0.09531017980432487,0.007192934111112127,0.006893201431428511
36.4666,-113.7675,0.1,Natural,Natural,1995,179,0,0.09531017980432487,0.007189762935026734,0.006892831994058339
36.4,-113.8508,2461.0,Natural,Natural,1995,180,0,7.808729306744399,0.007178867980202602,0.006891558765066235
36.55,-113.7841,0.1,Natural,Natural,1995,180,0,0.09531017980432487,0.007169816878877681,0.006890491070014651
36.4333,-113.8841,0.1,Natural,Natural,1995,180,0,0.09531017980432487,0.0020535178763196474,0.004401514670795753
36.5833,-113.7841,0.1,Natural,Natural,1995,180,0,0.09531017980432487,0.007164880720465701,0.006889902944978306
36.5333,-113.7675,0.1,Natural,Natural,1995,180,0,0.09531017980432487,0.0071769144491456325,0.006891329288581558
36.45,-113.8008,151.0,Natural,Natural,1995,181,0,5.0238805208462765,0.007183939170501719,0.006892152524990124
36.5833,-113.9008,8682.0,Natural,Natural,1995,181,0,9.069122370060645,0.9986383137712368,0.9980715256311389
36.5333,-113.7508,0.1,Natural,Natural,1995,181,0,0.09531017980432487,0.007181088219239156,0.006891819033663335
36.6,-113.9841,666.0,Natural,Natural,1995,211,0,6.502790045915623,0.7942577908014753,0.7826346637160745
36.5333,-113.8508,50.0,Natural,Natural,1995,234,0,3.9318256327243257,0.0019993274823588915,0.004349672987070165
36.4833,-113.9841,0.1,Natural,Natural,1995,248,0,0.09531017980432487,0.9915760195424672,0.9904952167178855
36.4833,-113.9841,0.1,Natural,Natural,1995,248,0,0.09531017980432487,0.9915760195424672,0.9904952167178855
36.55,-113.9008,220.0,Natural,Natural,1995,249,0,5.3981627015177525,0.9986511256153066,0.9980810694731606
36.3833,-113.8341,758.0,Natural,Natural,1995,249,0,6.63200177739563,0.007190414488861447,0.00689290791661228
36.55,-113.9341,3.0,Natural,Natural,1996,191,0,1.3862943611198906,0.9916090867965425,0.9905156347705775
36.3833,-113.8341,6.0,Natural,Natural,1996,192,0,1.9459101490553132,0.007190414488861447,0.00689290791661228
36.5833,-113.8675,3.0,Natural,Natural,1996,192,0,1.3862943611198906,0.0018748383117660927,0.004222549148115261
36.3,-113.8008,45.5,Natural,Natural,1996,192,0,3.8394523125933104,0.03733621897821668,0.035485202015939035
36.3833,-113.8508,50.3,Natural,Natural,1996,192,0,3.937690752176724,0.0071837826898282515,0.006892134238678895
36.4,-113.8508,28.0,Natural,Natural,1996,192,0,3.367295829986474,0.007178867980202602,0.006891558765066235
36.4,-113.7508,34.1,Natural,Natural,1996,192,0,3.55820113047182,0.012878738445039216,0.012300492129582619
36.5666,-114.0341,0.1,Natural,Natural,1996,196,0,0.09531017980432487,0.7942954304249025,0.7826691534902741
36.55,-113.7675,30.0,Natural,Natural,1996,212,0,3.4339872044851463,0.007174161153940479,0.006891005030182521
36.3833,-113.8341,0.1,Natural,Natural,1996,229,0,0.09531017980432487,0.007190414488861447,0.00689290791661228
36.2667,-113.7008,0.1,Natural,Natural,1996,229,0,0.09531017980432487,0.052042892711243696,0.06176439253823384
36.6,-113.7841,0.1,Natural,Natural,1996,229,0,0.09531017980432487,0.0020950972786428017,0.004439972196267654
36.5833,-113.7508,20.0,Natural,Natural,1996,239,0,3.044522437723423,0.007173163113147526,0.006890887222552368
36.35,-113.7008,0.1,Natural,Natural,1996,249,0,0.09531017980432487,0.037613382835166145,0.0358935058576409
36.1283,-113.7227,0.5,Natural,Natural,1997,133,0,0.4054651081081644,0.05820161191175624,0.06759360029946081
36.3483,-113.7563,39.0,Natural,Natural,1997,212,0,3.6888794541139363,0.03737147313080663,0.03553780829626046
36.4419,-113.7525,0.2,Natural,Natural,1997,212,0,0.18232155679395465,0.007199356342407416,0.006893949621676722
36.47,-113.7608,402.0,Natural,Natural,1997,213,0,5.998936561946683,0.007190785080543252,0.006892951094858979
36.5986,-113.7088,8.0,Natural,Natural,1997,242,0,2.1972245773362196,0.007180206651655513,0.006891715755376646
36.5933,-113.7525,0.1,Natural,Natural,1998,201,0,0.09531017980432487,0.007171327592549799,0.006890670152006048
36.4083,-113.7375,11.5,Natural,Natural,1998,212,0,2.5257286443082556,0.012896195090896411,0.012319900108556471
36.4916,-113.7808,1.0,Natural,Natural,1998,219,0,0.6931471805599453,0.007180967596604888,0.006891804907080786
36.5783,-113.7525,15.0,Natural,Natural,1998,223,0,2.772588722239781,0.007173495122634925,0.006890926429323429
36.5928,-113.7352,16816.0,Natural,Natural,1999,148,0,9.73014555852275,0.007175369804258414,0.006891147502294745
36.535,-113.9608,0.1,Natural,Natural,1999,210,0,0.09531017980432487,0.991587407591842,0.9905028449287568
36.46,-113.7597,0.5,Natural,Natural,1999,234,0,0.4054651081081644,0.007193277618370324,0.006893241440462371
36.36,-113.8358,3.0,Natural,Natural,1999,235,0,1.3862943611198906,0.007197599435439437,0.006893744855955838
36.3233,-113.8141,16.5,Natural,Natural,1999,254,0,2.8622008809294686,0.012942748456996346,0.012371423315718262
36.3716,-113.7625,0.1,Natural,Natural,1999,254,0,0.09531017980432487,0.012943265128318827,0.012371993299731019
36.4183,-113.7808,5.0,Natural,Natural,1999,254,0,1.791759469228055,0.007197766029713436,0.006893764267817753
36.3194,-113.7563,0.1,Natural,Natural,1999,257,0,0.09531017980432487,0.03749718350929062,0.0357237069174735
35.8167,-114.5675,0.1,Smoking,Human,1992,160,1,0.09531017980432487,0.3516220865983411,0.35329198832537556
35.9167,-114.0841,15.0,Natural,Natural,1994,221,0,2.772588722239781,0.1832923590122839,0.20656967950912317
35.8333,-114.3175,5.0,Natural,Natural,1995,154,0,1.791759469228055,0.2129541893422635,0.2354645318472966
36.0167,-113.9841,6445.0,Natural,Natural,1995,181,0,8.771215062375383,0.0949340789834241,0.12166563514153114
35.8,-114.3175,3800.0,Natural,Natural,1995,189,0,8.24301946898925,0.21295065712902655,0.23546419075515596
35.8833,-114.2175,500.0,Natural,Natural,1995,189,0,6.2166061010848646,0.21290731595053936,0.23545902801877405
35.9167,-114.0508,0.5,Natural,Natural,1995,211,0,0.4054651081081644,0.18326969305882096,0.20656604506096624
36.0,-113.9675,1400.0,Natural,Natural,1995,211,0,7.244941546337007,0.0763390208153409,0.0963355600927521
35.8667,-114.0008,7.0,Natural,Natural,1995,224,0,2.0794415416798357,0.1832650486277849,0.2065652862714721
35.8833,-113.9675,300.0,Natural,Natural,1995,248,0,5.707110264748875,0.07526737957587384,0.09443334024763408
35.8333,-114.1175,0.1,Natural,Natural,1996,184,0,0.09531017980432487,0.18332714693050622,0.20657558442682142
35.9,-114.0841,0.1,Natural,Natural,1996,225,0,0.09531017980432487,0.1832970377932404,0.206570437420493
35.95,-113.9341,120.0,Natural,Natural,1996,229,0,4.795790545596741,0.07525834531845432,0.09441664308194198
36.1166,-114.8508,0.1,Arson/incendiarism,Human,1992,130,1,0.09531017980432487,0.48970759058519675,0.4874423069148983
36.4833,-114.8008,0.5,Smoking,Human,1992,221,1,0.4054651081081644,0.5763557889312562,0.5595689292915967
36.4,-114.8842,0.1,Smoking,Human,1992,255,1,0.09531017980432487,0.4926496241361411,0.49237754540650325
35.8333,-114.8341,0.1,Debris and open burning,Human,1993,125,1,0.09531017980432487,0.4548486107638308,0.45250985023063395
36.3333,-114.0675,10.0,Natural,Natural,1993,135,0,2.3978952727983707,0.9914169911601086,0.990420665288557
36.5666,-114.9508,5.0,Natural,Natural,1993,139,0,1.791759469228055,0.49258915222467226,0.49233719357134026
36.55,-114.9508,0.5,Natural,Natural,1993,139,0,0.4054651081081644,0.4925865492248591,0.49233538408535604
36.4333,-114.8342,0.3,Smoking,Human,1993,162,1,0.262364264467491,0.5007557517473928,0.5016774740186547
36.4833,-114.8008,1.5,Fireworks,Human,1993,174,1,0.9162907318741551,0.5763557889312562,0.5595689292915967
36.0166,-114.9175,15.0,Fireworks,Human,1993,177,1,2.772588722239781,0.4655119403991006,0.46235481503157494
36.0166,-114.9175,10.0,Fireworks,Human,1993,177,1,2.3978952727983707,0.4655119403991006,0.46235481503157494
36.2,-114.9842,1.5,Fireworks,Human,1993,185,1,0.9162907318741551,0.49233877235125656,0.4922000507195117
36.2,-114.9342,0.1,Debris and open burning,Human,1993,210,1,0.09531017980432487,0.49242114629337935,0.49224258131859033
36.2666,-114.3508,125.0,Natural,Natural,1993,215,0,4.836281906951478,0.857660355390257,0.8423938512870391
36.6,-114.9342,50.0,Natural,Natural,1993,218,0,3.9318256327243257,0.4926080887452006,0.492349226593061
36.3833,-114.2341,250.0,Natural,Natural,1993,219,0,5.5254529391317835,0.8104643213335128,0.804485663374369
36.2,-114.9342,0.1,Equipment and vehicle use,Human,1993,299,1,0.09531017980432487,0.49242114629337935,0.49224258131859033
36.4333,-114.8508,0.1,Railroad operations and maintenance,Human,1994,77,1,0.09531017980432487,0.5006755348568928,0.5016168970115907
36.45,-114.9675,0.1,Natural,Natural,1994,118,0,0.09531017980432487,0.4925492732238861,0.492312588032625
36.6,-114.1008,0.1,Equipment and vehicle use,Human,1994,125,1,0.09531017980432487,0.7897943281522909,0.7748921165535172
36.4833,-114.8008,0.1,Debris and open burning,Human,1994,125,1,0.09531017980432487,0.5763557889312562,0.5595689292915967
36.4333,-114.6008,249.0,Fireworks,Human,1994,128,1,5.521460917862246,0.7113938947410948,0.6871022403642162
36.2167,-114.2175,2070.0,Natural,Natural,1994,151,0,7.635786861395585,0.9776103141559435,0.9728342599109158
36.2167,-114.2175,5700.0,Natural,Natural,1994,179,0,8.648396877031582,0.9776103141559435,0.9728342599109158
36.2167,-114.1841,5.0,Natural,Natural,1994,181,0,1.791759469228055,0.9835723229780458,0.9766472366359713
36.5666,-114.0675,3.0,Natural,Natural,1994,204,0,1.3862943611198906,0.794273427824493,0.782649066550321
36.45,-114.6342,30.0,Natural,Natural,1994,223,0,3.4339872044851463,0.711392265688746,0.6871014168766431
36.2166,-114.9508,0.1,Debris and open burning,Human,1995,30,1,0.09531017980432487,0.49241714014105586,0.49224048479192567
36.1,-114.9842,0.1,Recreation and ceremony,Human,1995,56,1,0.09531017980432487,0.4919535285724005,0.4919394573305937
36.0,-114.9175,0.1,Recreation and ceremony,Human,1995,56,1,0.09531017980432487,0.46540858472429514,0.46227657438114955
36.25,-114.1508,234.0,Natural,Natural,1995,174,0,5.459585514144159,0.9839692994768754,0.9768327490721825
36.55,-114.1508,15.0,Natural,Natural,1995,178,0,2.772588722239781,0.7942397273122696,0.7826176914219618
36.35,-114.8508,1020.0,Natural,Natural,1995,189,0,6.928537818164665,0.5006400781416291,0.5015909338718543
36.2166,-114.9842,0.5,Arson/incendiarism,Human,1995,228,1,0.4054651081081644,0.4923675020391345,0.49221494081938777
36.3833,-114.2175,3.0,Natural,Natural,1995,233,0,1.3862943611198906,0.8104195289549473,0.8044561234134135
36.2166,-114.9008,0.1,Misuse of fire by a minor,Human,1996,39,1,0.09531017980432487,0.49254438231486947,0.4923102834708823
36.1,-114.9675,0.2,Debris and open burning,Human,1996,170,1,0.18232155679395465,0.49191338199136325,0.49190284195716233
36.2333,-114.2175,350.0,Natural,Natural,1996,229,0,5.860786223465865,0.9776495158647738,0.9729191249197168
36.55,-114.1175,300.0,Natural,Natural,1996,230,0,5.707110264748875,0.7942778095042149,0.7826529923216405
36.2833,-114.9342,0.1,Natural,Natural,1996,242,0,0.09531017980432487,0.49251978153150044,0.4922954916264142
36.4,-114.6008,0.2,Fireworks,Human,1996,243,1,0.18232155679395465,0.7112358289950741,0.6870127813192196
36.3105,-114.9658,0.1,Equipment and vehicle use,Human,1997,196,1,0.09531017980432487,0.4924900923407521,0.49227907182481623
36.3111,-114.9658,0.1,Debris and open burning,Human,1997,202,1,0.09531017980432487,0.49249049306547893,0.4922792892679454
36.3361,-114.9575,0.1,Debris and open burning,Human,1997,224,1,0.09531017980432487,0.49251633335955836,0.4922935370386971
36.5283,-114.1391,0.1,Recreation and ceremony,Human,1998,156,1,0.09531017980432487,0.7943273772952669,0.782697013845074
36.5866,-114.4658,0.1,Fireworks,Human,1998,185,1,0.09531017980432487,0.7641306902376225,0.7406621256650223
36.475,-114.8811,0.1,Arson/incendiarism,Human,1999,143,1,0.09531017980432487,0.4926583036131612,0.4923837238165953
36.3327,-114.9458,0.1,Debris and open burning,Human,1999,163,1,0.09531017980432487,0.49253061372549023,0.49230168153835396
36.5361,-114.4625,0.1,Debris and open burning,Human,1999,171,1,0.09531017980432487,0.7639134864818394,0.7404717985910704
36.1811,-114.9117,0.1,Recreation and ceremony,Human,1999,174,1,0.09531017980432487,0.4924417121164476,0.49225327962077553
36.2117,-114.1836,0.1,Natural,Natural,1999,206,0,0.09531017980432487,0.977659000558887,0.9729217607079161
36.13153,-113.86666,98.0,Natural,Natural,1995,178,0,4.59511985013459,0.04446627274020513,0.0449282388277044
36.11485,-113.86667,193.0,Natural,Natural,1995,178,0,5.267858159063328,0.04466284164677356,0.04519838275590695
36.01461,-113.96088,574.0,Natural,Natural,1995,212,0,6.354370040797351,0.07644298778751893,0.09650783204811034
36.10527,-114.84964,0.1,Equipment and vehicle use,Human,1992,78,1,0.09531017980432487,0.489475876681758,0.48679305097052994
35.85276,-114.59108,0.1,Equipment and vehicle use,Human,1992,88,1,0.09531017980432487,0.44344254952183765,0.4397591828362316
35.89026,-114.59803,0.1,Equipment and vehicle use,Human,1992,114,1,0.09531017980432487,0.4433087582501082,0.4396206272734649
36.05007,-114.80113,0.1,Natural,Natural,1992,145,0,0.09531017980432487,0.46343933158728406,0.46098557668065754
36.01609,-114.78693,0.1,Debris and open burning,Human,1992,149,1,0.09531017980432487,0.45567137460919577,0.45316091316922663
36.03289,-114.79616,0.1,Debris and open burning,Human,1992,151,1,0.09531017980432487,0.4590796242896665,0.4570452642024935
36.14165,-114.68692,0.1,Other causes,Human,1992,168,1,0.09531017980432487,0.5824719346845948,0.5666972715138152
36.03833,-114.80354,0.1,Natural,Natural,1992,176,0,0.09531017980432487,0.45970891079682064,0.4583696117690259
36.14998,-114.75082,0.5,Arson/incendiarism,Human,1992,178,1,0.4054651081081644,0.5496159060220762,0.5367023629257357
36.02498,-114.78693,0.1,Equipment and vehicle use,Human,1992,185,1,0.09531017980432487,0.4562042389383514,0.45343294784248195
35.987,-114.0562,0.1,Natural,Natural,1992,195,0,0.09531017980432487,0.18321116732603313,0.20655552718551812
36.44714,-114.37858,0.2,Recreation and ceremony,Human,1992,200,1,0.18232155679395465,0.7527605777731495,0.7278320666890739
36.24998,-114.00079,1.0,Debris and open burning,Human,1992,258,1,0.6931471805599453,0.9987451516657097,0.998142804802481
35.85277,-114.62303,0.1,Power generation/transmission/distribution,Human,1992,299,1,0.09531017980432487,0.4436108398561006,0.44000428457794466
36.05832,-114.05912,10.0,Debris and open burning,Human,1992,315,1,2.3978952727983707,0.17068082317087827,0.19454487992783606
36.12034,-114.76347,0.2,Recreation and ceremony,Human,1993,143,1,0.18232155679395465,0.5369804851506066,0.5279186817746226
36.09998,-114.88416,0.3,Smoking,Human,1993,162,1,0.262364264467491,0.49075660090213347,0.49006871527514273
36.21106,-114.67755,260.0,Natural,Natural,1993,171,0,5.564520407322694,0.5765558917713433,0.559646074746705
36.16665,-114.01746,25.0,Fireworks,Human,1993,184,1,3.258096538021482,0.12140915071474873,0.14366203769966338
36.05009,-114.80127,0.4,Fireworks,Human,1993,185,1,0.33647223662121295,0.4634613935484031,0.460996975055007
36.05005,-114.80106,0.4,Fireworks,Human,1993,186,1,0.33647223662121295,0.4634301118025083,0.46098097274254374
36.03147,-114.71547,8.2,Misuse of fire by a minor,Human,1993,188,1,2.2192034840549946,0.4399456891347496,0.4357327323645425
36.24998,-113.95079,0.5,Debris and open burning,Human,1993,191,1,0.4054651081081644,0.0071823192429725105,0.0068919631225921145
35.97974,-114.81551,0.2,Equipment and vehicle use,Human,1993,194,1,0.18232155679395465,0.4554750746951523,0.45304652544820734
36.39025,-114.43581,0.7,Smoking,Human,1993,220,1,0.5306282510621704,0.7228012462743396,0.693962791614088
36.1809,-114.7272,5.1,Misuse of fire by a minor,Human,1993,225,1,1.8082887711792655,0.5763013366007972,0.5595518166240564
36.18332,-113.91745,40.0,Natural,Natural,1993,239,0,3.713572066704308,0.03676741951013093,0.03459778142338756
36.48331,-114.35081,0.2,Debris and open burning,Human,1993,260,1,0.18232155679395465,0.7798884089394844,0.7646006661621879
36.45793,-114.43577,0.1,Fireworks,Human,1993,269,1,0.09531017980432487,0.7576175837141828,0.7330526380012067
36.01665,-114.80081,0.1,Equipment and vehicle use,Human,1994,97,1,0.09531017980432487,0.4588341931596712,0.4565051651884954
36.15602,-114.10451,5.0,Fireworks,Human,1994,113,1,1.791759469228055,0.9784050119390567,0.973384668124267
36.46649,-114.38493,0.5,Recreation and ceremony,Human,1994,141,1,0.4054651081081644,0.7548598385025513,0.7298037502078516
36.09998,-114.86749,0.1,Equipment and vehicle use,Human,1994,154,1,0.09531017980432487,0.4901629225681592,0.48866604415878767
36.19998,-114.68415,0.2,Natural,Natural,1994,157,0,0.18232155679395465,0.5765600773303061,0.5596483487630662
36.10095,-114.34269,1.0,Misuse of fire by a minor,Human,1994,163,1,0.6931471805599453,0.278431604010455,0.29126314101088946
36.03405,-114.28798,0.1,Natural,Natural,1994,166,0,0.09531017980432487,0.22938352193048336,0.25024195392657944
36.1134,-114.64701,0.2,Natural,Natural,1994,178,0,0.18232155679395465,0.4214952740839063,0.4099925066608123
36.02093,-114.74692,0.2,Natural,Natural,1994,178,0,0.18232155679395465,0.4522901682224031,0.449236357872254
36.04999,-114.56748,550.0,Natural,Natural,1994,262,0,6.311734809152915,0.36880375731482384,0.3702594956552451
35.99998,-114.78415,0.1,Smoking,Human,1994,270,1,0.09531017980432487,0.45512559198408464,0.45277992943252715
36.30991,-114.43974,0.1,Misuse of fire by a minor,Human,1994,280,1,0.09531017980432487,0.6930750387307564,0.6678441759489009
36.30677,-114.43205,0.4,Debris and open burning,Human,1995,102,1,0.33647223662121295,0.6938779353090107,0.6689089668597509
36.38328,-114.45232,0.8,Recreation and ceremony,Human,1995,109,1,0.5877866649021191,0.7118514480217089,0.6873121119760587
36.05008,-114.82182,0.1,Equipment and vehicle use,Human,1995,151,1,0.09531017980432487,0.4656623262261281,0.4624797249510529
36.19998,-114.06746,0.1,Recreation and ceremony,Human,1995,162,1,0.09531017980432487,0.9897548967983738,0.9874389897051469
36.28188,-114.47031,0.1,Natural,Natural,1995,177,0,0.09531017980432487,0.6928731223435519,0.6678201052581467
36.00451,-114.29494,0.1,Natural,Natural,1995,179,0,0.09531017980432487,0.22528835028195165,0.2461714078983216
36.06468,-114.71461,0.1,Recreation and ceremony,Human,1995,179,1,0.09531017980432487,0.4312116365503663,0.4266325271851371
36.49755,-114.41416,0.3,Recreation and ceremony,Human,1995,182,1,0.262364264467491,0.7622610473398747,0.7378671151549002
36.28484,-114.01198,1.5,Arson/incendiarism,Human,1995,184,1,0.9162907318741551,0.9916595827996046,0.9905375987556192
36.33278,-114.44256,0.2,Recreation and ceremony,Human,1995,201,1,0.18232155679395465,0.7095645804094172,0.6847877992526107
36.13758,-114.73251,0.5,Debris and open burning,Human,1995,229,1,0.4054651081081644,0.5616521164376175,0.5454695792369763
36.11189,-114.39264,0.1,Misuse of fire by a minor,Human,1995,232,1,0.09531017980432487,0.30771502821875163,0.3149024519407821
36.0221,-114.28674,0.1,Misuse of fire by a minor,Human,1995,232,1,0.09531017980432487,0.22886438485833435,0.24962077856388246
36.28315,-113.98827,0.1,Recreation and ceremony,Human,1995,239,1,0.09531017980432487,0.0016394344172768254,0.003946902927246182
35.89165,-114.61748,0.1,Equipment and vehicle use,Human,1995,242,1,0.09531017980432487,0.44340358357415455,0.4397181163238926
36.16668,-114.57162,0.1,Equipment and vehicle use,Human,1996,46,1,0.09531017980432487,0.6217222493526502,0.5995235696190673
36.38331,-114.43415,0.1,Fireworks,Human,1996,116,1,0.09531017980432487,0.7227121931182512,0.693880894938283
36.01109,-114.78415,0.1,Equipment and vehicle use,Human,1996,124,1,0.09531017980432487,0.4554168152106935,0.4530081730982599
36.01787,-114.73698,0.1,Arson/incendiarism,Human,1996,125,1,0.09531017980432487,0.4459411485130047,0.4415900646683252
36.03331,-114.80082,0.1,Other causes,Human,1996,125,1,0.09531017980432487,0.45937402498836993,0.4576871757584401
36.24999,-114.01746,0.1,Arson/incendiarism,Human,1996,136,1,0.09531017980432487,0.9986221471413536,0.9980619960526702
36.51751,-114.425,0.1,Recreation and ceremony,Human,1996,139,1,0.09531017980432487,0.7638847224794256,0.7404457200387637
36.25288,-114.182,245.0,Natural,Natural,1996,202,0,5.5053315359323625,0.9837964405218608,0.9767528219660182
35.86743,-114.61251,2.0,Natural,Natural,1996,208,0,1.0986122886681098,0.44349030671199474,0.43980977439563906
36.48023,-114.41154,127.0,Natural,Natural,1996,224,0,4.852030263919617,0.7576985845814276,0.7330651354600912
36.20416,-113.8448,20.0,Natural,Natural,1996,229,0,3.044522437723423,0.03769112426870188,0.03600618399650152
36.19973,-113.85999,10.0,Natural,Natural,1996,229,0,2.3978952727983707,0.03757698039486197,0.03584050024537777
36.20216,-113.85717,15.0,Natural,Natural,1996,229,0,2.772588722239781,0.03758141482677807,0.035846966125609024
36.31297,-114.43078,0.1,Other causes,Human,1996,241,1,0.09531017980432487,0.7080050396680441,0.6819497219449274
36.01469,-114.30047,2.0,Natural,Natural,1996,248,0,1.0986122886681098,0.2377106412202268,0.2572923670506098
36.10153,-114.64463,0.1,Natural,Natural,1996,276,0,0.09531017980432487,0.42251316091589886,0.41095555158848046
36.00841,-114.76722,0.1,Debris and open burning,Human,1997,11,1,0.09531017980432487,0.45415869395974423,0.45167654508690186
36.21007,-114.94743,0.1,Equipment and vehicle use,Human,1997,19,1,0.09531017980432487,0.4924124500628136,0.492238090858788
36.16018,-114.89787,0.1,Equipment and vehicle use,Human,1997,42,1,0.09531017980432487,0.4924313023241504,0.49224781418320146
36.24634,-114.41732,0.1,Fireworks,Human,1997,114,1,0.09531017980432487,0.6752733800364806,0.6512475511838836
36.12498,-114.76471,0.2,Recreation and ceremony,Human,1997,115,1,0.18232155679395465,0.5261162657042827,0.5193877672895246
36.49872,-114.37714,0.1,Recreation and ceremony,Human,1997,131,1,0.09531017980432487,0.7664006849173781,0.74735448804898
36.13031,-114.80382,0.1,Recreation and ceremony,Human,1997,145,1,0.09531017980432487,0.5120028236503508,0.5100261430710925
36.16693,-114.49248,0.1,Recreation and ceremony,Human,1997,145,1,0.09531017980432487,0.6478591305211762,0.6214899688205264
36.13047,-114.80137,0.1,Equipment and vehicle use,Human,1997,146,1,0.09531017980432487,0.5121688847638253,0.5101014294709802
36.12867,-114.78327,0.5,Fireworks,Human,1997,180,1,0.4054651081081644,0.5176882975201331,0.514844527847738
36.03998,-114.80526,0.1,Fireworks,Human,1997,183,1,0.09531017980432487,0.4598829769739231,0.45868814274625885
36.0247,-114.79943,0.1,Equipment and vehicle use,Human,1997,186,1,0.09531017980432487,0.45901802018736354,0.4569091444339169
36.47901,-114.4216,0.5,Smoking,Human,1997,192,1,0.4054651081081644,0.7617326700394754,0.7368744289914387
35.86991,-114.59821,0.1,Smoking,Human,1997,198,1,0.09531017980432487,0.4434049941375243,0.4397195791707828
35.99327,-114.09092,0.5,Natural,Natural,1997,201,0,0.4054651081081644,0.1832333290395481,0.20655984655854756
36.41227,-114.41631,0.1,Smoking,Human,1997,244,1,0.09531017980432487,0.7324899153637723,0.7036544739921989
36.04934,-113.98234,0.1,Natural,Natural,1997,294,0,0.09531017980432487,0.09499068197947051,0.12170918999862977
36.13529,-114.22344,5.0,Natural,Natural,1997,330,0,1.791759469228055,0.9009279156018459,0.8902120296277465
36.18108,-114.69692,0.1,Equipment and vehicle use,Human,1997,351,1,0.09531017980432487,0.5765549224115732,0.5596455350375419
36.16804,-114.12579,0.1,Recreation and ceremony,Human,1998,90,1,0.09531017980432487,0.9776684667623531,0.972824602516103
36.3074,-114.42655,0.1,Smoking,Human,1998,139,1,0.09531017980432487,0.6914291395121808,0.6659620681853666
36.1303,-114.83879,0.1,Recreation and ceremony,Human,1998,145,1,0.09531017980432487,0.49949152407702385,0.5009262343146933
36.52838,-114.1396,0.1,Recreation and ceremony,Human,1998,156,1,0.09531017980432487,0.7943268033468498,0.7826964912888417
35.88948,-114.87542,0.2,Natural,Natural,1998,158,0,0.18232155679395465,0.45537651149219227,0.45298042737822486
36.16668,-114.76843,0.1,Equipment and vehicle use,Human,1998,158,1,0.09531017980432487,0.5496300763904618,0.5367027673378119
36.23097,-114.82458,300.0,Natural,Natural,1998,169,0,5.707110264748875,0.5008573122153928,0.5017575946868301
36.09548,-114.90559,0.1,Equipment and vehicle use,Human,1998,172,1,0.09531017980432487,0.491232687732378,0.49099145092578017
36.26696,-114.03419,0.1,Smoking,Human,1998,174,1,0.09531017980432487,0.9915879076024561,0.990504635409854
35.99168,-114.69681,0.1,Smoking,Human,1998,184,1,0.09531017980432487,0.4431843461298357,0.43948472878494443
36.04249,-114.8085,0.1,Recreation and ceremony,Human,1998,185,1,0.09531017980432487,0.46021720093031293,0.4592016788246902
36.03503,-114.80082,0.1,Recreation and ceremony,Human,1998,186,1,0.09531017980432487,0.45942888636042933,0.4578035905306237
36.16667,-114.91163,0.5,Smoking,Human,1998,192,1,0.4054651081081644,0.4923955197934078,0.4922293288430203
36.09435,-114.90186,0.1,Equipment and vehicle use,Human,1998,197,1,0.09531017980432487,0.4911159396449901,0.49078443195301585
36.06465,-114.80244,0.5,Natural,Natural,1998,226,0,0.4054651081081644,0.4681588628543779,0.4645172808455695
36.11162,-114.87145,0.1,Debris and open burning,Human,1998,234,1,0.09531017980432487,0.4906109935693207,0.4897480804625031
36.01668,-114.71809,0.1,Smoking,Human,1998,234,1,0.09531017980432487,0.44264928712328455,0.43885245237377135
36.02088,-114.80402,0.1,Misuse of fire by a minor,Human,1998,262,1,0.09531017980432487,0.4591767904061188,0.4572591455694339
36.48477,-114.34421,2.0,Arson/incendiarism,Human,1999,73,1,1.0986122886681098,0.7747945392247161,0.7595462999511232
36.4601,-114.42854,0.2,Arson/incendiarism,Human,1999,73,1,0.18232155679395465,0.7576073482662398,0.7330506588278792
36.04331,-114.81054,1.0,Recreation and ceremony,Human,1999,92,1,0.6931471805599453,0.46039037591379667,0.4594059575194346
36.23908,-114.57161,0.1,Arson/incendiarism,Human,1999,135,1,0.09531017980432487,0.6286689698597319,0.6068146813333553
36.06468,-114.82182,0.1,Smoking,Human,1999,160,1,0.09531017980432487,0.4668367564363607,0.46369298801385467
35.97708,-114.85761,0.1,Debris and open burning,Human,1999,187,1,0.09531017980432487,0.46507502950248053,0.4620560770245728
36.06468,-114.82182,0.1,Smoking,Human,1999,199,1,0.09531017980432487,0.4668367564363607,0.46369298801385467
36.1746,-114.1247,5.0,Natural,Natural,1999,207,0,1.791759469228055,0.9835142071025017,0.9766900588974095
35.97708,-114.91122,0.1,Arson/incendiarism,Human,1999,217,1,0.09531017980432487,0.4652906239940007,0.4621942862287189
36.02734,-114.78753,0.2,Recreation and ceremony,Human,1999,365,1,0.18232155679395465,0.45830056127214,0.4554138359154866
35.9805,-113.8475,0.3,Natural,Natural,2000,169,0,0.262364264467491,0.07197341561680481,0.08932226632017358
35.9517,-113.8194,1.0,Natural,Natural,2000,170,0,0.6931471805599453,0.061825971784844724,0.07301225255941089
35.9305,-113.8925,1.5,Natural,Natural,2000,180,0,0.9162907318741551,0.0731681303743127,0.09109506064075365
35.835,-113.8858,0.1,Natural,Natural,2000,214,0,0.09531017980432487,0.061827214427467296,0.0730122744948743
35.8522,-113.8363,0.1,Natural,Natural,2000,218,0,0.09531017980432487,0.061828427917188115,0.0730122943335108
35.9167,-113.87,0.1,Natural,Natural,2001,185,0,0.09531017980432487,0.0618248418104965,0.07301222859693976
35.8,-113.8349,0.1,Natural,Natural,2001,218,0,0.09531017980432487,0.061828933515466894,0.07301230103688884
35.8,-113.8013,0.1,Natural,Natural,2001,233,0,0.09531017980432487,0.06182968340118451,0.0730123113874471
35.968,-113.8194,0.1,Equipment and vehicle use,Human,2001,303,1,0.09531017980432487,0.06182312988573184,0.07301218724038291
35.8186,-113.8519,0.1,Natural,Natural,2002,192,0,0.09531017980432487,0.06182837223475466,0.07301229350405992
35.8183,-113.8519,0.3,Natural,Natural,2002,193,0,0.262364264467491,0.06182837536283109,0.07301229355076914
36.0169,-113.8194,0.1,Natural,Natural,2002,254,0,0.09531017980432487,0.06719448934896316,0.08027824371847431
36.0055,-113.8025,0.1,Smoking,Human,2003,49,1,0.09531017980432487,0.06311776296537483,0.07501420681879081
35.9819,-113.8002,0.1,Equipment and vehicle use,Human,2003,263,1,0.09531017980432487,0.061822458665515445,0.07301216868856308
35.8333,-113.8013,75.0,Natural,Natural,2004,178,0,4.330733340286331,0.061829583843816,0.07301231003446701
35.9347,-113.9188,0.3,Natural,Natural,2004,180,0,0.262364264467491,0.07450521657956387,0.09305611107392481
35.8167,-113.8008,7.0,Natural,Natural,2004,180,0,2.0794415416798357,0.0618296502501496,0.07301231093757755
35.8286,-113.8775,0.1,Natural,Natural,2004,226,0,0.09531017980432487,0.061827562667049245,0.0730122802206837
35.8439,-113.8847,0.1,Natural,Natural,2004,226,0,0.09531017980432487,0.06182706592976037,0.07301227197764891
35.8167,-113.86,0.1,Natural,Natural,2004,226,0,0.09531017980432487,0.061828187912242503,0.07301229055286933
35.833,-113.8894,0.1,Natural,Natural,2004,227,0,0.09531017980432487,0.06182714945123126,0.07301227339868907
35.9039,-113.8597,3578.0,Natural,Natural,2005,200,0,8.182838710766026,0.06182619014358234,0.07301225675012263
35.8044,-113.8105,3100.0,Natural,Natural,2005,200,0,8.03947991910045,0.061829463842106025,0.07301230839540977
35.8142,-113.7841,300.0,Natural,Natural,2005,203,0,5.707110264748875,0.061830052751834154,0.07301231636108718
35.8578,-113.9044,0.5,Natural,Natural,2005,245,0,0.4054651081081644,0.06182605250041901,0.07301225412106345
35.8369,-113.7972,668.0,Natural,Natural,2006,138,0,6.505784060128229,0.06182968235783567,0.07301231137329808
35.8164,-113.8338,15.0,Natural,Natural,2006,157,0,2.772588722239781,0.06182884538288301,0.07301229979032209
35.8836,-113.7674,33.2,Natural,Natural,2006,158,0,3.5322256440685598,0.06183061823718051,0.07301232391966704
35.8997,-113.7505,20.0,Natural,Natural,2006,158,0,3.044522437723423,0.06183142742290511,0.07301233482017612
35.8833,-113.7341,187.5,Natural,Natural,2006,158,0,5.2390980068880655,0.061831841003680346,0.07301234054850968
35.8436,-113.8758,398.0,Natural,Natural,2006,162,0,5.988961416889864,0.06182734503385627,0.07301227667403459
35.8911,-113.7788,0.2,Natural,Natural,2006,183,0,0.18232155679395465,0.06183018889550533,0.07301231818627271
35.8867,-113.7677,175.0,Natural,Natural,2006,183,0,5.170483995038151,0.06183061966591922,0.0730123239387551
35.8997,-113.848,1100.0,Natural,Natural,2006,198,0,7.00397413672268,0.06182695554296624,0.07301227007849956
35.883,-113.848,221.0,Natural,Natural,2006,203,0,5.402677381872279,0.06182745518259025,0.07301227848714655
35.8722,-113.8511,0.1,Natural,Natural,2006,204,0,0.09531017980432487,0.06182758732530063,0.07301228061841047
35.8333,-113.7938,0.2,Natural,Natural,2006,204,0,0.18232155679395465,0.06182978347303128,0.07301231274182313
35.8744,-113.828,0.5,Natural,Natural,2006,205,0,0.4054651081081644,0.06182840724961119,0.07301229402614014
35.8619,-113.84,0.1,Natural,Natural,2006,205,0,0.09531017980432487,0.061828172494399376,0.07301229049269314
35.88,-113.8119,0.2,Fireworks,Human,2007,185,1,0.18232155679395465,0.06182894188233137,0.07301230115532055
35.9072,-113.8944,23.0,Natural,Natural,2007,202,0,3.1780538303479458,0.061824075742004804,0.07301221084882853
35.9661,-113.8033,6.0,Natural,Natural,2007,202,0,1.9459101490553132,0.061826424568327515,0.07301226112254253
35.8028,-113.8575,0.2,Natural,Natural,2008,252,0,0.18232155679395465,0.06182839320705513,0.07301229381696477
35.8531,-113.8767,0.3,Natural,Natural,2009,207,0,0.262364264467491,0.06182711769255042,0.07301227285994312
36.1705,-113.7841,5.0,Natural,Natural,2000,183,0,1.791759469228055,0.05171543072433201,0.06121345147137354
36.4528,-113.748,104.0,Natural,Natural,2000,207,0,4.653960350157523,0.007197892245256162,0.006893778975235764
36.3355,-113.8041,10.0,Natural,Natural,2000,213,0,2.3978952727983707,0.012928692778851093,0.01235590303849823
36.5666,-113.753,0.1,Natural,Natural,2000,229,0,0.09531017980432487,0.00717513987530588,0.006891120414900309
36.5369,-113.7675,100.0,Natural,Natural,2001,136,0,4.61512051684126,0.0071763071813949605,0.006891257857928793
36.593,-113.9139,0.1,Natural,Natural,2001,185,0,0.09531017980432487,0.9916136444526137,0.9905159756191194
36.4772,-113.9066,0.1,Natural,Natural,2001,185,0,0.09531017980432487,0.0018670898672415,0.004214241195091311
36.4916,-113.9425,0.1,Natural,Natural,2001,186,0,0.09531017980432487,0.9916218466660504,0.9905201835686674
36.428,-113.7763,10.0,Natural,Natural,2001,195,0,2.3978952727983707,0.007196496516283956,0.006893616360306516
36.3328,-113.7722,0.1,Natural,Natural,2001,195,0,0.09531017980432487,0.037353285656220724,0.03551069679168983
36.5786,-113.788,0.1,Natural,Natural,2001,195,0,0.09531017980432487,0.007164510312632262,0.006889858611747687
36.5064,-113.7458,0.1,Natural,Natural,2001,206,0,0.09531017980432487,0.0071871666725135805,0.00689252930930967
36.5641,-113.7163,0.1,Natural,Natural,2001,206,0,0.09531017980432487,0.007183855828996336,0.0068921427859519645
36.4039,-113.7636,0.1,Natural,Natural,2001,222,0,0.09531017980432487,0.012818999292111324,0.012233721211010407
36.1517,-113.728,45.0,Natural,Natural,2001,230,0,3.828641396489095,0.052300693841178775,0.06217591475324763
36.4478,-113.9066,0.1,Natural,Natural,2001,231,0,0.09531017980432487,0.001919120680580126,0.00426911499400588
36.2578,-113.7994,1.0,Natural,Natural,2001,231,0,0.6931471805599453,0.0375940806384852,0.0358654203331292
36.3264,-113.9761,0.7,Natural,Natural,2001,234,0,0.5306282510621704,0.9986782878473833,0.9980983272649738
36.583,-113.7847,28.0,Natural,Natural,2001,234,0,3.367295829986474,0.007164765164157528,0.006889889117499352
36.5764,-113.823,39.0,Natural,Natural,2003,212,0,3.6888794541139363,0.0020236108170925537,0.004373151506290856
36.5641,-113.788,0.1,Natural,Natural,2003,235,0,0.09531017980432487,0.007166611742423345,0.006890109741961503
36.1889,-113.7227,7.0,Natural,Natural,2004,176,0,2.0794415416798357,0.05215541940354741,0.06194535643093425
36.4472,-113.7416,3.3,Natural,Natural,2004,214,0,1.4586150226995167,0.007200778375132199,0.006894115452755075
36.4469,-113.7394,0.1,Natural,Natural,2004,214,0,0.09531017980432487,0.007201380176879997,0.006894185663588399
36.3428,-113.7825,2.0,Natural,Natural,2004,232,0,1.0986122886681098,0.012990123565381574,0.012423514806378438
36.5664,-113.7497,0.1,Natural,Natural,2005,154,0,0.09531017980432487,0.007175958516974267,0.006891216824105892
36.4089,-113.8386,1.0,Natural,Natural,2005,173,0,0.6931471805599453,0.0071812394782167985,0.0068918367461263084
36.4089,-113.8386,0.1,Natural,Natural,2005,174,0,0.09531017980432487,0.0071812394782167985,0.0068918367461263084
36.4925,-113.7083,5675.0,Natural,Natural,2005,174,0,8.644002038279933,0.007198420583682347,0.006893840546116547
36.5508,-113.9578,614.0,Natural,Natural,2005,179,0,6.421622267806518,0.9915860946651517,0.9905049668818517
36.5681,-113.7406,35639.0,Natural,Natural,2005,179,0,10.481223881584746,0.0071778254086876745,0.006891436354528592
36.5586,-113.7497,0.1,Natural,Natural,2005,179,0,0.09531017980432487,0.0071771769695717965,0.006891360153358847
36.2367,-113.8733,624.0,Natural,Natural,2005,179,0,6.437751649736401,0.013254541607449783,0.012707807882960652
36.3603,-113.7808,20551.0,Equipment and vehicle use,Human,2005,200,1,9.93071353878972,0.012917562118993252,0.012343587860865498
36.5642,-113.9308,44707.0,Natural,Natural,2005,202,0,10.707907735505502,0.9916077043747122,0.9905148851651144
36.4211,-113.8533,0.1,Natural,Natural,2005,209,0,0.09531017980432487,0.007172284325285001,0.006890783364068576
36.5736,-113.9361,0.2,Natural,Natural,2005,210,0,0.18232155679395465,0.9916002227649422,0.9905100458150344
36.4047,-113.9369,0.1,Natural,Natural,2005,210,0,0.09531017980432487,0.0018342068376000621,0.004178438514299349
36.1603,-113.8289,0.1,Natural,Natural,2005,212,0,0.09531017980432487,0.04455992656545084,0.04505815818646541
36.5003,-114.0417,183.0,Natural,Natural,2005,216,0,5.214935757608986,0.7944148180466815,0.7827682720451811
36.5683,-113.9294,578.0,Natural,Natural,2005,225,0,6.361302477572996,0.9916077222653884,0.9905148931711609
36.5233,-113.9958,2680.0,Natural,Natural,2005,225,0,7.893945138235959,0.9915518025814369,0.990485430140511
36.1944,-113.8281,0.1,Natural,Natural,2005,226,0,0.09531017980432487,0.03796326350558279,0.036396009828403506
36.1956,-113.7822,716.0,Natural,Natural,2006,158,0,6.57507584059962,0.051673861842248564,0.06113985708568719
36.2061,-113.8083,726.0,Natural,Natural,2006,158,0,6.588926477533519,0.03798155513210859,0.036421996249275126
36.2881,-113.8311,8.0,Natural,Natural,2006,178,0,2.1972245773362196,0.013067635200902799,0.01250800427676025
36.5522,-113.9425,0.1,Natural,Natural,2006,178,0,0.09531017980432487,0.9916005086367624,0.9905134027219521
36.5756,-113.8361,143.0,Natural,Natural,2006,181,0,4.969813299576001,0.0019859972677225067,0.0043366090312065095
36.5108,-114.0019,3339.0,Natural,Natural,2006,181,0,8.113726085970747,0.9915469619771333,0.9904830506351835
36.3914,-113.7575,1713.0,Natural,Natural,2006,182,0,7.446585099157725,0.01288534832141773,0.01230784578352178
36.3389,-113.7364,56.0,Natural,Natural,2006,182,0,4.04305126783455,0.03750622328517132,0.03573698169802681
36.4289,-113.7419,35.0,Natural,Natural,2006,183,0,3.58351893845611,0.007205228060599671,0.006894635161277089
36.5056,-113.9342,35.0,Natural,Natural,2006,184,0,3.58351893845611,0.9916248958576874,0.9905213643518981
36.565,-113.9825,809.0,Natural,Natural,2006,188,0,6.697034247666484,0.7943222549136145,0.7826927810861252
36.4078,-113.7569,1.0,Natural,Natural,2006,191,0,0.6931471805599453,0.012830220659583428,0.012246306357458818
36.5828,-113.7178,0.1,Natural,Natural,2006,198,0,0.09531017980432487,0.007180642464833884,0.0068917668222711675
36.5828,-113.7175,0.1,Natural,Natural,2006,198,0,0.09531017980432487,0.007180706485729567,0.006891774322315776
36.175,-113.8119,1.0,Natural,Natural,2006,198,0,0.6931471805599453,0.04457013683756746,0.045072153555364834
36.5522,-113.8892,1.0,Natural,Natural,2006,198,0,0.6931471805599453,0.0018338998153628072,0.004178100018337038
36.3342,-113.7636,0.1,Natural,Natural,2006,199,0,0.09531017980432487,0.03739275394151398,0.03556945782885563
36.4208,-113.71,0.1,Natural,Natural,2006,199,0,0.09531017980432487,0.012943400223558098,0.012372140901169355
36.4914,-113.8794,9.0,Natural,Natural,2006,200,0,2.302585092994046,0.0019616791979625505,0.004312448539825421
36.2414,-113.8094,5.0,Natural,Natural,2006,205,0,1.791759469228055,0.037644601825587445,0.035938836694265196
36.2761,-113.7636,0.5,Natural,Natural,2006,205,0,0.4054651081081644,0.037693147461755595,0.036009108625071076
36.4208,-113.7636,2.0,Natural,Natural,2006,205,0,1.0986122886681098,0.007201839150585653,0.006894239225221665
36.2908,-113.7661,0.1,Natural,Natural,2006,205,0,0.09531017980432487,0.03759242378503042,0.035863007460487865
36.4361,-113.9778,0.1,Natural,Natural,2006,205,0,0.09531017980432487,0.991602173704252,0.99051055905028
36.5731,-113.9997,0.1,Natural,Natural,2006,205,0,0.09531017980432487,0.7943005894266005,0.7826736462043963
36.3614,-113.7592,1.0,Natural,Natural,2006,205,0,0.6931471805599453,0.012999230281924384,0.01243348912315846
36.5511,-113.94,5923.0,Natural,Natural,2006,206,0,8.68676717538769,0.9916032057675411,0.9905127918254145
36.5614,-113.9786,200.0,Natural,Natural,2006,206,0,5.303304908059076,0.7943295995411764,0.7826987174671243
36.4081,-113.9089,55.0,Natural,Natural,2006,206,0,4.02535169073515,0.0019915956629542046,0.004342110944437307
36.4942,-113.7925,73.0,Natural,Natural,2006,221,0,4.30406509320417,0.007177149769365911,0.006891356955804996
36.445,-113.7256,4.0,Natural,Natural,2006,234,0,1.6094379124341003,0.012819868079635694,0.012234696306336125
36.4356,-113.7997,0.1,Natural,Natural,2006,234,0,0.09531017980432487,0.007187696256738314,0.006892591074798825
36.4164,-113.9972,2.0,Natural,Natural,2006,235,0,1.0986122886681098,0.9915810063280589,0.9904998798823839
36.5289,-113.8086,17.0,Natural,Natural,2006,247,0,2.8903717578961645,0.007166247892712755,0.00689006632617934
36.4967,-114.0214,0.1,Natural,Natural,2008,51,0,0.09531017980432487,0.9915240383744682,0.9904715263237538
36.4731,-113.7075,28.0,Natural,Natural,2008,181,0,3.367295829986474,0.007202646756604899,0.006894333504136997
36.4483,-113.9369,0.1,Natural,Natural,2008,230,0,0.09531017980432487,0.9986547000786973,0.9980836300135045
36.4406,-113.9319,0.1,Natural,Natural,2008,230,0,0.09531017980432487,0.001796052537329889,0.0041357622200194006
35.8403,-114.5711,0.1,Equipment and vehicle use,Human,2008,174,1,0.09531017980432487,0.3516326950908019,0.3532953558950682
35.8261,-114.5583,0.1,Equipment and vehicle use,Human,2008,216,1,0.09531017980432487,0.3516179968673497,0.35329071738480616
35.9447,-113.9106,0.1,Natural,Natural,2008,220,0,0.09531017980432487,0.07416528532167542,0.09249771010731206
35.9339,-113.9281,0.1,Natural,Natural,2008,220,0,0.09531017980432487,0.07488033601652237,0.09372149063935957
35.8214,-113.9522,22.0,Natural,Natural,2009,224,0,3.1354942159291497,0.061825647525409956,0.0730122461343896
35.80418,-113.96095,15.0,Natural,Natural,2000,206,0,2.772588722239781,0.06182586096550743,0.07301225039103182
35.8894,-114.0947,0.1,Natural,Natural,2001,132,0,0.09531017980432487,0.18330695333046435,0.2065720770633676
35.81471,-114.1408,1.0,Equipment and vehicle use,Human,2001,159,1,0.6931471805599453,0.19058243611070022,0.2138058945273366
35.858,-114.078,0.1,Equipment and vehicle use,Human,2001,194,1,0.09531017980432487,0.18330148232213062,0.20657117016127036
35.8,-114.5197,0.1,Equipment and vehicle use,Human,2001,233,1,0.09531017980432487,0.35157950090804746,0.3532778967722079
35.9164,-114.3425,0.1,Natural,Natural,2003,245,0,0.09531017980432487,0.22527873470750504,0.2461710731374993
35.843,-114.5728,0.1,Natural,Natural,2004,196,0,0.09531017980432487,0.3516349949676932,0.3532960844093547
35.8436,-114.2933,320.0,Natural,Natural,2006,104,0,5.771441123130016,0.21294755855119263,0.2354638672954922
35.8383,-114.5694,0.1,Equipment and vehicle use,Human,2006,147,1,0.09531017980432487,0.351630670461948,0.35329471459798695
35.85,-114.2772,3122.8,Natural,Natural,2006,182,0,8.046805488423622,0.2129421039050843,0.23546326344879379
35.8536,-114.2466,9.0,Natural,Natural,2006,187,0,2.302585092994046,0.2129286397546398,0.23546175814204592
35.8786,-114.013,9.0,Natural,Natural,2006,189,0,2.302585092994046,0.1832659351460216,0.20656543378069792
35.8639,-114.0225,34.0,Natural,Natural,2006,204,0,3.5553480614894135,0.18327405224791418,0.20656674243258255
36.258,-114.2214,45.0,Arson/incendiarism,Human,2000,164,1,3.828641396489095,0.8576235627205233,0.8423113267270129
36.0883,-114.9725,2.0,Natural,Natural,2001,185,0,1.0986122886681098,0.4918211586877111,0.49181140132569634
36.415,-114.9575,0.1,Natural,Natural,2001,206,0,0.09531017980432487,0.4925490473989563,0.49231247347821033
35.9916,-114.9111,0.1,Natural,Natural,2001,224,0,0.09531017980432487,0.4653509235158594,0.4622354344491301
36.3544,-114.1461,0.1,Natural,Natural,2003,243,0,0.09531017980432487,0.9910979743757373,0.9901720254705445
36.5875,-114.14,8404.0,Natural,Natural,2004,168,0,9.036582045842716,0.7897989075236683,0.7748947404099235
36.2061,-114.9625,0.1,Arson/incendiarism,Human,2004,171,1,0.09531017980432487,0.4923796346443084,0.49222116522017495
35.9636,-114.9808,1.0,Equipment and vehicle use,Human,2005,128,1,0.6931471805599453,0.4653870866399626,0.4622610502190459
36.4461,-114.9925,2221.0,Natural,Natural,2005,173,0,7.706162970199576,0.49252464267228613,0.49229825226303453
36.3333,-114.9703,859.0,Natural,Natural,2005,173,0,6.756932389247553,0.4924985646661148,0.49228373311522017
36.4767,-114.983,898.0,Natural,Natural,2005,173,0,6.80128303447162,0.49254236919144656,0.4923085323336546
36.2681,-114.155,43245.0,Natural,Natural,2005,179,0,10.67466002253384,0.9902017237215223,0.9886467847291398
36.2231,-114.1858,100.0,Natural,Natural,2005,179,0,4.61512051684126,0.9836090668520148,0.9766633175728714
36.3333,-114.15,27318.0,Natural,Natural,2005,179,0,10.21533770979373,0.990984903628942,0.9900595477492943
36.2703,-114.2142,1.0,Natural,Natural,2005,179,0,0.6931471805599453,0.8574038281879928,0.841755396268874
36.5131,-114.938,1100.0,Firearms and explosives use,Human,2005,184,1,7.00397413672268,0.4925925650300981,0.49233919559026906
36.4494,-114.9455,1.5,Fireworks,Human,2005,184,1,0.9162907318741551,0.49257187836266086,0.4923262438376566
36.44,-114.7244,0.1,Fireworks,Human,2005,185,1,0.09531017980432487,0.576392127185789,0.5595783665014932
36.3072,-114.9505,0.1,Recreation and ceremony,Human,2005,186,1,0.09531017980432487,0.49250926879188806,0.4922895816987931
36.0006,-114.9036,0.9,Fireworks,Human,2005,187,1,0.6418538861723948,0.46537475846527404,0.4622522228979344
36.5967,-114.0778,103.0,Natural,Natural,2005,211,0,4.6443908991413725,0.7898118274268171,0.774903608122339
36.5508,-114.4686,0.5,Natural,Natural,2005,214,0,0.4054651081081644,0.7639845888477583,0.7405335530708561
36.5711,-114.9322,80.0,Natural,Natural,2005,215,0,4.394449154672439,0.4926065109528827,0.49234819180459416
36.3153,-114.1525,0.1,Natural,Natural,2005,218,0,0.09531017980432487,0.9908498884224467,0.989890433722782
36.4856,-114.7967,1.0,Arson/incendiarism,Human,2005,218,1,0.6931471805599453,0.5763579117888811,0.559568104994859
36.4333,-114.9667,931.0,Natural,Natural,2005,223,0,6.837332814685591,0.49254508423655075,0.4923101287520122
36.5192,-114.0511,0.1,Natural,Natural,2005,226,0,0.09531017980432487,0.7943814696959344,0.7827415389623913
36.2031,-114.9592,0.1,Equipment and vehicle use,Human,2006,90,1,0.09531017980432487,0.49237927360434486,0.49222097849193935
36.3111,-114.2703,15.0,Natural,Natural,2006,178,0,2.772588722239781,0.823535963881406,0.8162385964250902
36.4289,-114.6097,250.0,Natural,Natural,2006,183,0,5.5254529391317835,0.7113588326594084,0.6870834499482158
36.3583,-114.9883,15.0,Natural,Natural,2006,187,0,2.772588722239781,0.4924919911589312,0.4922800372313773
36.5619,-114.9911,18.0,Natural,Natural,2006,190,0,2.9444389791664403,0.4925559498460061,0.49231655222649195
36.5844,-114.13,196.0,Natural,Natural,2006,199,0,5.2832037287379885,0.7898122579558522,0.7749039620591102
36.5311,-114.0697,245.0,Natural,Natural,2006,205,0,5.5053315359323625,0.7943533909046891,0.7827187976511887
36.3258,-114.1122,1370.0,Natural,Natural,2006,205,0,7.223295679562314,0.9911880512506053,0.9901663043343375
36.1064,-114.9942,0.1,Recreation and ceremony,Human,2007,54,1,0.09531017980432487,0.4920103827242225,0.4919877867869299
36.2381,-115.0,18.1,Fireworks,Human,2007,185,1,2.9496883350525844,0.4923797283528987,0.4922212115617692
36.55,-114.0792,12.0,Natural,Natural,2007,192,0,2.5649493574615367,0.7943064476264253,0.7826786972918234
36.4806,-114.4494,0.1,Recreation and ceremony,Human,2007,196,1,0.09531017980432487,0.7626699394203938,0.7386852666858579
36.2022,-114.943,0.1,Debris and open burning,Human,2008,124,1,0.09531017980432487,0.49240664425170655,0.4922350366513035
36.0489,-114.8817,0.1,Equipment and vehicle use,Human,2008,208,1,0.09531017980432487,0.4899253226972342,0.48803988790801295
36.0044,-114.9142,0.1,Recreation and ceremony,Human,2009,182,1,0.09531017980432487,0.465424547916032,0.46229124380853215
36.0006,-114.9072,0.1,Recreation and ceremony,Human,2009,182,1,0.09531017980432487,0.4653848340374704,0.462259398694311
36.555,-114.8667,0.1,Natural,Natural,2009,184,0,0.09531017980432487,0.49267882071024083,0.4923987900760347
36.114989,-113.793283,158.0,Natural,Natural,2005,173,0,5.0689042022202315,0.0517896262883985,0.06134249709728907
36.097731,-113.713433,4.0,Natural,Natural,2005,246,0,1.6094379124341003,0.05826089667283692,0.06760405753207877
36.00887,-114.7972,0.1,Recreation and ceremony,Human,2000,53,1,0.09531017980432487,0.45565291412163533,0.45315075588830256
36.06365,-114.71864,0.1,Smoking,Human,2000,133,1,0.09531017980432487,0.4314711149808764,0.42721234906105177
36.43324,-114.37655,0.1,Natural,Natural,2000,146,0,0.09531017980432487,0.745727449683902,0.7171634575083907
36.03352,-114.83567,0.1,Natural,Natural,2000,174,0,0.09531017980432487,0.46532261269401654,0.46221591281542
36.02175,-114.82557,0.1,Natural,Natural,2000,175,0,0.09531017980432487,0.4602775455657856,0.4592779609194896
36.08665,-114.83277,0.1,Smoking,Human,2000,199,1,0.09531017980432487,0.48458171520565835,0.48064544397935877
36.05832,-114.05663,0.1,Natural,Natural,2000,229,0,0.09531017980432487,0.17066376341026332,0.1945211703455612
36.0736,-114.06274,0.1,Natural,Natural,2000,229,0,0.09531017980432487,0.16556539201369871,0.188907328994878
36.03548,-114.80402,0.1,Natural,Natural,2000,237,0,0.09531017980432487,0.4596403338744624,0.45823592001779984
36.04888,-114.04579,0.1,Natural,Natural,2000,238,0,0.09531017980432487,0.1707868474314682,0.1946860620135217
36.57108,-114.66666,0.5,Debris and open burning,Human,2001,158,1,0.4054651081081644,0.7638060861261625,0.7403731796720419
35.97026,-114.68192,0.2,Smoking,Human,2001,175,1,0.18232155679395465,0.4433184085972262,0.43962952106402436
36.01865,-114.77145,0.1,Fireworks,Human,2001,184,1,0.09531017980432487,0.4547183204260562,0.4523674018474712
36.52734,-114.42714,100.0,Debris and open burning,Human,2001,206,1,4.61512051684126,0.7640967924808375,0.7406317018652391
35.99285,-114.78098,0.1,Equipment and vehicle use,Human,2001,291,1,0.09531017980432487,0.4548411128671503,0.4525017615358878
36.02869,-114.70832,0.1,Equipment and vehicle use,Human,2002,83,1,0.09531017980432487,0.43872271495319987,0.43452803825315955
35.93887,-114.76137,0.1,Equipment and vehicle use,Human,2002,84,1,0.09531017980432487,0.44476944749496794,0.4408646270724617
36.0997,-114.96194,88.0,Debris and open burning,Human,2002,170,1,4.48863636973214,0.4918930152615423,0.4918835377806478
36.16942,-114.83499,0.1,Natural,Natural,2002,201,0,0.09531017980432487,0.5005998435858114,0.5015620300116277
36.27922,-114.02109,0.1,Natural,Natural,2002,259,0,0.09531017980432487,0.991633252567247,0.9905241114270412
35.85221,-114.59275,0.1,Equipment and vehicle use,Human,2002,270,1,0.09531017980432487,0.4434525975008517,0.4397805812927846
36.13045,-114.79242,0.1,Smoking,Human,2003,187,1,0.09531017980432487,0.5127365440676476,0.5103809592539916
36.04999,-114.05079,0.1,Natural,Natural,2003,199,0,0.09531017980432487,0.17079871436536415,0.19470114719768963
36.07804,-114.05218,0.5,Natural,Natural,2003,210,0,0.4054651081081644,0.16542572578376744,0.18884215407171095
36.04,-114.7694,0.1,Arson/incendiarism,Human,2004,73,1,0.09531017980432487,0.4577259014492323,0.45454038548830233
36.0172,-114.7508,0.1,Misuse of fire by a minor,Human,2004,107,1,0.09531017980432487,0.45276577682332636,0.44983852104426825
36.1181,-114.0972,0.2,Arson/incendiarism,Human,2004,143,1,0.18232155679395465,0.15935607799240564,0.18220150575411212
36.1333,-114.8342,0.2,Natural,Natural,2004,169,0,0.18232155679395465,0.499971044335643,0.5011906820212548
36.0128,-114.7544,0.1,Natural,Natural,2004,197,0,0.09531017980432487,0.45315467035343127,0.4503341924083751
36.0808,-114.8203,0.3,Natural,Natural,2004,220,0,0.262364264467491,0.480137054292965,0.47565241080128984
36.503,-114.3991,50.0,Natural,Natural,2004,225,0,3.9318256327243257,0.7656127223446748,0.7441968423288293
36.0341,-114.803,0.1,Natural,Natural,2004,225,0,0.09531017980432487,0.4595317238888473,0.45801754925616256
36.0019,-114.7247,0.1,Natural,Natural,2004,301,0,0.09531017980432487,0.443809329253183,0.44011976669646274
36.5183,-114.43,0.1,Natural,Natural,2005,170,0,0.09531017980432487,0.7638478575832703,0.7403887884687651
35.9903,-114.0839,0.1,Natural,Natural,2005,173,0,0.09531017980432487,0.1832305269395127,0.20655932686197465
35.9772,-114.0911,0.1,Natural,Natural,2005,173,0,0.09531017980432487,0.18326223287877857,0.20656482660192851
36.1494,-114.8119,0.1,Recreation and ceremony,Human,2005,186,1,0.09531017980432487,0.5019057861225061,0.5027206792020079
35.9697,-114.4992,0.5,Natural,Natural,2005,198,0,0.4054651081081644,0.3516121736510763,0.353288796241289
36.4722,-114.3592,25.0,Natural,Natural,2005,226,0,3.258096538021482,0.7709290157956323,0.7537775861903313
36.1592,-114.8056,0.8,Recreation and ceremony,Human,2006,122,1,0.5877866649021191,0.5122422416064404,0.5101302245417185
36.0342,-114.8014,0.1,Natural,Natural,2006,187,0,0.09531017980432487,0.4594375215665049,0.45782176085146814
36.1425,-114.73,0.1,Misuse of fire by a minor,Human,2006,192,1,0.09531017980432487,0.5714058653261683,0.5549456181281692
36.0117,-114.7947,0.1,Smoking,Human,2007,141,1,0.09531017980432487,0.45568163541127943,0.45316630330624036
36.0783,-114.8036,0.1,Recreation and ceremony,Human,2007,145,1,0.09531017980432487,0.47695692671718903,0.47338696490405663
36.0328,-114.7792,0.1,Recreation and ceremony,Human,2007,146,1,0.09531017980432487,0.4579168473733491,0.454784923973193
36.0331,-114.7805,0.1,Recreation and ceremony,Human,2007,146,1,0.09531017980432487,0.46115169616908047,0.45988593125040855
36.0236,-114.7733,0.1,Recreation and ceremony,Human,2007,146,1,0.09531017980432487,0.4552909466876952,0.45291699824387865
36.0228,-114.773,0.1,Recreation and ceremony,Human,2007,146,1,0.09531017980432487,0.45514234121799796,0.4527946663077133
36.0819,-114.8019,0.1,Recreation and ceremony,Human,2007,153,1,0.09531017980432487,0.47775516594561807,0.47390578887029144
36.0814,-114.8153,0.1,Recreation and ceremony,Human,2007,153,1,0.09531017980432487,0.4801556358369653,0.4756530924712787
35.93469,-114.63746,0.3,Equipment and vehicle use,Human,2007,182,1,0.262364264467491,0.44326207484765534,0.4395687787094189
36.3778,-114.44221,3.3,Fireworks,Human,2007,183,1,1.4586150226995167,0.712026887998294,0.6873881295843781
35.87719,-114.66571,0.1,Natural,Natural,2007,229,0,0.09531017980432487,0.44381456085720383,0.4401246765815931
36.0367,-114.7833,0.1,Recreation and ceremony,Human,2008,93,1,0.09531017980432487,0.4584052779916221,0.45561250002436204
36.02983,-114.32424,0.1,Power generation/transmission/distribution,Human,2008,106,1,0.09531017980432487,0.241815415797696,0.26067221887163883
36.04786,-114.82016,0.1,Debris and open burning,Human,2008,137,1,0.09531017980432487,0.4655079954197153,0.4623517045341552
36.1478,-113.975,1.5,Natural,Natural,2008,157,0,0.9162907318741551,0.0203733315854807,0.017473287221871376
35.8658,-114.6197,0.1,Equipment and vehicle use,Human,2008,201,1,0.09531017980432487,0.4435381059111191,0.43985558706635597
36.1742,-114.7644,0.1,Equipment and vehicle use,Human,2008,244,1,0.09531017980432487,0.5496250056063454,0.5367026572996721
36.00872,-114.76643,0.1,Debris and open burning,Human,2008,248,1,0.09531017980432487,0.454098199057832,0.4515966253690913
36.1553,-114.8083,0.1,Recreation and ceremony,Human,2009,158,1,0.09531017980432487,0.5019041152255835,0.5027190936273983
36.30824,-114.43582,0.1,Arson/incendiarism,Human,2009,176,1,0.09531017980432487,0.6935575399713946,0.6683547475665573
36.0372,-114.8044,0.1,Arson/incendiarism,Human,2009,187,1,0.09531017980432487,0.4597236589416524,0.4583977560476203
36.0397,-114.8019,0.1,Natural,Natural,2009,200,0,0.09531017980432487,0.45965214139502486,0.4582593581989581
36.4022,-114.5556,2.0,Natural,Natural,2004,198,0,1.0986122886681098,0.7113490011363982,0.6870781056999451
36.4258,-114.5802,0.5,Natural,Natural,2004,229,0,0.4054651081081644,0.7114076136257665,0.6871096825384283
35.91527778,-114.55694444,1.0,Natural,Natural,2005,246,0,0.6931471805599453,0.35165672186915276,0.35330284114632315
36.54694444,-114.97277778,320.0,Natural,Natural,2005,214,0,5.771441123130016,0.492567325991435,0.49232345685888884
35.80225285,-114.09830575,0.25,Natural,Natural,2006,185,0,0.22314355131420976,0.18331771226296747,0.2065739083437681
35.87894664,-114.28537202,0.1,Natural,Natural,1995,179,0,0.09531017980432487,0.21294858965831073,0.2354639751973728
36.57752008,-113.76619194,4.0,Equipment and vehicle use,Human,1994,134,1,1.6094379124341003,0.007170280616312081,0.00689054608445024
35.90443012,-114.17566398,0.1,Natural,Natural,1996,196,0,0.09531017980432487,0.19054342001556054,0.2137996318682307
35.8142,-114.1313,0.3,Equipment and vehicle use,Human,2007,95,1,0.262364264467491,0.19058879707892024,0.21380690294416807
35.8944,-114.0861,0.1,Equipment and vehicle use,Human,2007,174,1,0.09531017980432487,0.18329976282754532,0.20657088690347294
35.8183,-113.8747,0.7,Natural,Natural,2010,204,0,0.5306282510621704,0.06182779248474445,0.07301228388657634
35.8967,-113.7964,0.3,Natural,Natural,2010,229,0,0.262364264467491,0.06182942168841524,0.07301230781732305
36.5536,-114.6967,0.1,Natural,Natural,2010,216,0,0.09531017980432487,0.7637587822082031,0.7403274693652305
36.0044,-114.9144,0.1,Natural,Natural,2010,220,0,0.09531017980432487,0.46542505897030734,0.46229165665197897
36.2017,-114.6883,0.1,Natural,Natural,2010,118,0,0.09531017980432487,0.5765224545492941,0.5596286717802564
36.0244,-114.798,0.1,Equipment and vehicle use,Human,2010,148,1,0.09531017980432487,0.45891877069690223,0.45669045023384547
36.4244,-114.4155,0.1,Equipment and vehicle use,Human,2010,176,1,0.09531017980432487,0.7324837758942756,0.7036542483108654
36.1394,-114.7267,0.1,Recreation and ceremony,Human,2010,184,1,0.09531017980432487,0.5617230052507084,0.5454726261858053
36.375,-114.3942,0.1,Fireworks,Human,2010,185,1,0.09531017980432487,0.7251984710310279,0.6971398312813178
36.0083,-114.8069,0.1,Natural,Natural,2010,189,0,0.09531017980432487,0.45574662739512334,0.4532004222866899
35.8846,-114.1064,0.1,Natural,Natural,2001,132,0,0.09531017980432487,0.18331657356658354,0.2065737115368588
35.8277,-114.5367,0.25,Smoking,Human,2002,228,1,0.22314355131420976,0.35160051080397836,0.3532849645096498
35.9662,-114.0971,0.1,Equipment and vehicle use,Human,2008,157,1,0.09531017980432487,0.18328181079795378,0.20656800073895307
35.9597,-113.8486,1.0,Smoking,Human,2011,157,1,0.6931471805599453,0.0618205440290059,0.07301210883515565
35.8906,-113.8439,350.0,Natural,Natural,2011,215,0,5.860786223465865,0.06182743022931535,0.07301227807836697
36.550597,-113.808197,17188.0,Natural,Natural,2011,190,0,9.752024923328158,0.002102420486795869,0.004446631823343488
36.5055,-113.889703,0.1,Natural,Natural,2011,188,0,0.09531017980432487,0.001896991082004518,0.004246036793971461
36.4769,-113.8719,0.1,Natural,Natural,2011,189,0,0.09531017980432487,0.002016765478859452,0.00436657433884054
36.4227,-113.7742,130.0,Natural,Natural,2011,215,0,4.875197323201151,0.0071984591017608054,0.006893845035265924
36.4537,-113.747703,0.2,Natural,Natural,2011,215,0,0.18232155679395465,0.0071977568828002795,0.006893763201981648
36.545897,-113.782203,200.0,Natural,Natural,2011,238,0,5.303304908059076,0.007170976432131802,0.006890628560189763
36.2514,-113.769797,866.0,Natural,Natural,2011,238,0,6.7650389767805414,0.037825388469327335,0.036199315868272144
36.261903,-113.8135,1080.0,Natural,Natural,2011,254,0,6.985641817639208,0.03746644935362605,0.03567848523008179
35.86925,-113.95289,0.5,Natural,Natural,2011,186,0,0.4054651081081644,0.07481426409185563,0.09360174357895384
35.9703,-113.9625,215.0,Natural,Natural,2011,215,0,5.375278407684165,0.07597973220679953,0.09572273644926484
36.4456,-114.9783,1.3,Natural,Natural,2011,206,0,0.832909122935104,0.49253752250659094,0.4923057628135364
36.136595,-113.761088,0.1,Natural,Natural,2011,212,0,0.09531017980432487,0.052089256879382956,0.06183929186667913
35.9894,-113.9639,9795.0,Natural,Natural,2011,215,0,9.189729418072059,0.07619145709337592,0.0960873760315583
36.0081,-114.8025,0.1,Natural,Natural,2011,237,0,0.09531017980432487,0.45570141860002156,0.4531767498060545
36.3008,-114.4339,0.1,Natural,Natural,2011,256,0,0.09531017980432487,0.6919629365933768,0.6669391041226316
36.0347,-114.3203,0.3,Equipment and vehicle use,Human,2011,98,1,0.262364264467491,0.24140139235729755,0.2602866743268672
36.1158,-114.8392,0.3,Arson/incendiarism,Human,2011,105,1,0.262364264467491,0.4960226017215152,0.49813641039203455
36.0356,-114.8008,0.1,Natural,Natural,2011,112,0,0.09531017980432487,0.459446022374868,0.4578396335579523
36.1428,-114.6528,0.1,Natural,Natural,2011,112,0,0.09531017980432487,0.5895142073210521,0.5748085357099214
36.1192,-114.8667,0.1,Natural,Natural,2011,184,0,0.09531017980432487,0.4906493284358665,0.4898340312435609
36.1625,-113.8503,0.6,Natural,Natural,2011,211,0,0.4700036292457356,0.04439865062943256,0.04483224600486728
36.1775,-113.7611,0.1,Natural,Natural,2011,211,0,0.09531017980432487,0.051920578158986076,0.06156377430882316
36.1442,-113.8258,0.1,Natural,Natural,2011,211,0,0.09531017980432487,0.044679462972986965,0.045220938220700585
35.8683,-114.6058,0.1,Equipment and vehicle use,Human,2011,219,1,0.09531017980432487,0.4434505081540407,0.4397687977569649
35.8639,-114.6028,0.1,Natural,Natural,2011,297,0,0.09531017980432487,0.4434540168877172,0.4397722452548652
36.0889,-114.91,0.1,Equipment and vehicle use,Human,2011,341,1,0.09531017980432487,0.49116912987656075,0.4908804250937449
36.3485,-113.7098,0.1,Natural,Natural,2012,193,0,0.09531017980432487,0.0375826264081563,0.0358487322760617
36.235297,-113.789703,50.0,Natural,Natural,2012,193,0,3.9318256327243257,0.03783061748581694,0.03620680380057088
36.2063,-113.775497,4345.0,Natural,Natural,2012,193,0,8.377011160816375,0.0517163440621595,0.061215056946561396
36.2733,-113.7872,410.0,Natural,Natural,2012,203,0,6.018593214496234,0.037571877860855585,0.035833057211496634
36.525,-113.7242,242.0,Natural,Natural,2012,205,0,5.493061443340548,0.007188745394182219,0.006892713397255448
36.4075,-113.7756,540.0,Natural,Natural,2012,206,0,6.293419278846481,0.007202206999789288,0.006894282162223897
36.355,-113.7822,0.1,Natural,Natural,2012,206,0,0.09531017980432487,0.012934869711590267,0.012362725359138653
36.2715,-113.8246,530.0,Natural,Natural,2012,225,0,6.274762021241939,0.037323308922408545,0.03546588227325135
36.3056,-113.960197,0.1,Natural,Natural,2012,235,0,0.09531017980432487,0.0019337743035997231,0.004284189306247443
36.3201,-113.924697,0.1,Natural,Natural,2012,235,0,0.09531017980432487,0.007164758160511858,0.006889888279349994
36.4142,-113.954803,4.0,Debris and open burning,Human,2012,79,1,1.6094379124341003,0.9986462212693406,0.9980777709232757
35.8375,-113.9472,8.0,Natural,Natural,2012,193,0,2.1972245773362196,0.07389495228708565,0.09209109824851888
35.84233,-113.95775,26.0,Natural,Natural,2012,193,0,3.295836866004329,0.07462973054370471,0.09327255769434355
35.8572,-113.924897,0.1,Natural,Natural,2012,194,0,0.09531017980432487,0.06182535056418418,0.07301224003267526
35.975,-113.955,798.0,Natural,Natural,2012,194,0,6.683360945766275,0.07592970326205295,0.09563507337052227
35.8417,-113.955,0.3,Natural,Natural,2012,193,0,0.262364264467491,0.07451403299531852,0.09307125877626979
35.82658,-114.55819,0.1,Equipment and vehicle use,Human,2012,178,1,0.09531017980432487,0.3516180588682565,0.35329073734401084
36.1158,-113.7033,41.0,Natural,Natural,2012,193,0,3.7376696182833684,0.058247402663761966,0.06760152511625778
35.9886,-113.8122,0.4,Smoking,Human,2012,136,1,0.33647223662121295,0.06179477203214196,0.07301023082394872
35.9456,-113.8506,4.0,Debris and open burning,Human,2012,142,1,1.6094379124341003,0.06182338005543563,0.07301219352272027
35.9667,-113.9333,0.5,Natural,Natural,2012,225,0,0.4054651081081644,0.07544476138061859,0.09476046196615891
36.0067,-114.7742,0.1,Recreation and ceremony,Human,2012,19,1,0.09531017980432487,0.45467811935214436,0.4523217890431069
36.1367,-114.8653,0.1,Equipment and vehicle use,Human,2012,53,1,0.09531017980432487,0.49341465932359,0.49331740377834105
35.9767,-114.6947,0.1,Equipment and vehicle use,Human,2012,111,1,0.09531017980432487,0.4434155387820773,0.4397305077187266
36.0356,-114.8014,0.1,Natural,Natural,2012,146,0,0.09531017980432487,0.4594827337783267,0.45791636824499565
35.9692,-114.08,0.1,Equipment and vehicle use,Human,2012,164,1,0.09531017980432487,0.1832578190276467,0.20656409807691042
35.9772,-114.0919,0.5,Natural,Natural,2012,178,0,0.4054651081081644,0.1832633698120011,0.20656501207271388
35.8572,-114.5947,0.1,Equipment and vehicle use,Human,2012,185,1,0.09531017980432487,0.4434418402828854,0.43976023889736926
35.966667,-114.083333,0.1,Natural,Natural,2012,193,0,0.09531017980432487,0.1832640036552322,0.20656511567822738
36.0544,-114.8197,0.1,Equipment and vehicle use,Human,2012,211,1,0.09531017980432487,0.4659799406575428,0.4627823483025714
36.5006,-114.208,7.8,Natural,Natural,2012,198,0,2.174751721484161,0.7943857026873963,0.7827450201763252
36.5478,-114.4511,0.3,Natural,Natural,2012,210,0,0.262364264467491,0.7640486063938342,0.740589312061225
35.9731,-114.97,0.1,Arson/incendiarism,Human,2012,11,1,0.09531017980432487,0.46540077387610357,0.46227087195802724
36.4514,-114.8722,14.0,Arson/incendiarism,Human,2012,72,1,2.70805020110221,0.49267244625579976,0.49239403951796745
36.3853,-114.233,4.0,Firearms and explosives use,Human,2012,121,1,1.6094379124341003,0.810439433684161,0.8044862446210234
36.4578,-114.8789,0.1,Recreation and ceremony,Human,2012,119,1,0.09531017980432487,0.4926612935703173,0.4923859051371674
36.1164,-114.9914,0.1,Equipment and vehicle use,Human,2012,140,1,0.09531017980432487,0.4920633233650065,0.49202934447236024
36.4497,-114.9414,0.1,Firearms and explosives use,Human,2012,176,1,0.09531017980432487,0.4925764494328215,0.492329044143478
36.5394,-113.7656,101.0,Natural,Natural,2013,229,0,4.624972813284271,0.007176375118879,0.006891265851531441
36.5239,-113.7467,0.1,Natural,Natural,2013,231,0,0.09531017980432487,0.007183727500611657,0.00689212778881349
36.5875,-113.7706,0.1,Natural,Natural,2013,247,0,0.09531017980432487,0.007167750095186636,0.006890245402457763
36.5839,-113.7681,0.1,Natural,Natural,2013,247,0,0.09531017980432487,0.007168884352473805,0.0068903803243117795
35.8872,-114.0408,0.1,Natural,Natural,2013,182,0,0.09531017980432487,0.18327530434465983,0.2065669448624329
35.913033,-113.9688,53.0,Natural,Natural,2013,229,0,3.9889840465642745,0.07554161935695207,0.09493804741255321
35.9478,-113.8986,5803.0,Natural,Natural,2013,183,0,8.666302614004078,0.0735499109845587,0.09160715425111338
35.9092,-113.7,0.1,Debris and open burning,Human,2013,211,1,0.09531017980432487,0.06183387131247041,0.07301237195049409
36.0225,-114.8344,0.3,Natural,Natural,2013,162,0,0.262364264467491,0.465170828412406,0.46211621391844043
36.0069,-114.7533,0.1,Recreation and ceremony,Human,2013,169,1,0.09531017980432487,0.4532151377672623,0.45041304534131094
36.0042,-114.7636,0.1,Recreation and ceremony,Human,2013,169,1,0.09531017980432487,0.4538855190872965,0.4513117078296725
35.9769,-114.983,0.1,Debris and open burning,Human,2013,73,1,0.09531017980432487,0.4907572289319569,0.49007002794296295
36.1286,-114.9858,0.1,Recreation and ceremony,Human,2013,64,1,0.09531017980432487,0.4921218932586538,0.49207159831623926
36.2453,-114.1428,30.0,Natural,Natural,2013,197,0,3.4339872044851463,0.9840077984325376,0.9768493459357528
36.428,-113.7755,404.0,Natural,Natural,2014,189,0,6.003887067106539,0.007196720126482387,0.006893642409713169
35.8025,-113.8856,0.8,Natural,Natural,2014,226,0,0.5877866649021191,0.06182773639615531,0.07301228300024996
36.2467,-114.4917,0.1,Natural,Natural,2014,103,0,0.09531017980432487,0.6732625170962933,0.6452655953158799
36.1656,-114.9158,0.1,Equipment and vehicle use,Human,2014,34,1,0.09531017980432487,0.4923767248618963,0.4922197046198979
36.1225,-114.7972,0.1,Natural,Natural,2014,40,0,0.09531017980432487,0.5133296751505855,0.5109377205519838
36.1722,-114.7642,0.1,Equipment and vehicle use,Human,2014,155,1,0.09531017980432487,0.5496253751388861,0.5367026664073687
36.1353,-114.9078,0.1,Natural,Natural,2014,161,0,0.09531017980432487,0.49219061171623396,0.49211653143507716
36.3164,-114.4605,0.3,Equipment and vehicle use,Human,2014,163,1,0.262364264467491,0.6929225481066315,0.6678280384077231
36.0103,-114.7989,0.1,Natural,Natural,2014,175,0,0.09531017980432487,0.4557051555585278,0.45317872012296107
35.96088,-114.66218,0.1,Natural,Natural,2014,189,0,0.09531017980432487,0.4432207014151026,0.4395243305036159
36.0872,-114.2253,0.1,Natural,Natural,2014,189,0,0.09531017980432487,0.9208462637375047,0.9095766645449234
36.0981,-114.0453,0.1,Natural,Natural,2014,190,0,0.09531017980432487,0.16503394747883185,0.18862342064354715
35.9219,-114.9536,0.1,Natural,Natural,2014,104,0,0.09531017980432487,0.4652284408647727,0.46215325487453646
36.0258,-114.9047,0.1,Recreation and ceremony,Human,2014,179,1,0.09531017980432487,0.4655563699386202,0.46239034853744737
36.31127,-114.22005,5.0,Natural,Natural,2014,187,0,1.791759469228055,0.8109519380153106,0.8049488169692074
36.3356,-114.9481,0.1,Equipment and vehicle use,Human,2014,228,1,0.09531017980432487,0.4925288229097046,0.4923007601581107
36.499,-114.7146,43.0,Debris and open burning,Human,2014,155,1,3.784189633918261,0.7636281996209985,0.7401974850550367
35.8011,-114.5353,0.1,Equipment and vehicle use,Human,2015,134,1,0.09531017980432487,0.3515930019260134,0.3532824490874007
35.82797,-114.55972,0.1,Equipment and vehicle use,Human,2015,144,1,0.09531017980432487,0.35161969375769825,0.3532912350673375
35.80869,-114.71336,0.1,Debris and open burning,Human,2015,96,1,0.09531017980432487,0.4443165779277653,0.4405579834868793
36.0342,-114.7975,0.1,Natural,Natural,2015,278,0,0.09531017980432487,0.4592017337948969,0.45731388084546143
35.9611,-114.7072,0.1,Firearms and explosives use,Human,2015,308,1,0.09531017980432487,0.4438503056167056,0.44015808611298674
36.3222,-114.9467,0.1,Recreation and ceremony,Human,2015,67,1,0.09531017980432487,0.4925237630547312,0.4922977681335175
36.5558,-114.9303,0.3,Equipment and vehicle use,Human,2015,148,1,0.262364264467491,0.49260640686317125,0.4923481297719044
36.2917,-114.9661,0.1,Recreation and ceremony,Human,2015,185,1,0.09531017980432487,0.49247612676301544,0.49227144359668296
36.356733,-113.787188,21.0,Natural,Natural,2016,163,0,3.091042453358316,0.012906087298289577,0.012330874587100183
36.32097,-113.74483,0.1,Natural,Natural,2016,163,0,0.09531017980432487,0.03754728246167213,0.035797133371292734
36.44449,-113.748586,0.1,Natural,Natural,2016,163,0,0.09531017980432487,0.007199712144391635,0.0068939911047943185
35.8617,-114.0847,0.1,Natural,Natural,2017,191,0,0.09531017980432487,0.1833047331526133,0.2065717143149252
35.8894,-113.8969,78.0,Natural,Natural,2016,202,0,4.3694478524670215,0.06182506751906717,0.07301223349987979
35.8219,-113.85,0.5,Natural,Natural,2017,188,0,0.4054651081081644,0.061828386262662974,0.0730122937134223
36.0278,-113.8036,0.1,Natural,Natural,2017,236,0,0.09531017980432487,0.06730296714981256,0.08039566437379776
36.37458,-114.44261,0.1,Smoking,Human,2016,10,1,0.09531017980432487,0.7119965681673807,0.6873745185820808
36.0147,-114.7472,0.1,Recreation and ceremony,Human,2016,61,1,0.09531017980432487,0.45266203717785214,0.44970782956225525
35.97906,-114.69472,0.1,Natural,Natural,2016,102,0,0.09531017980432487,0.4433794089408181,0.43969300980699844
36.12258,-114.90404,0.1,Natural,Natural,2016,105,0,0.09531017980432487,0.4919626487441344,0.4919475164006529
36.11333,-114.66777,0.1,Arson/incendiarism,Human,2016,114,1,0.09531017980432487,0.4266953483309074,0.4144487771299559
36.01169,-114.79468,0.1,Natural,Natural,2016,174,0,0.09531017980432487,0.45568109256791106,0.4531660237625744
36.5303,-114.418,1.0,Natural,Natural,2016,183,0,0.6931471805599453,0.7643656855942471,0.7409057111155628
35.8686,-114.6614,0.1,Recreation and ceremony,Human,2016,249,1,0.09531017980432487,0.443812647535369,0.4401228885513023
35.87269,-114.65382,0.1,Equipment and vehicle use,Human,2017,170,1,0.09531017980432487,0.44373742125741406,0.4400515598787625
36.14131,-114.72892,1.0,Smoking,Human,2017,183,1,0.6931471805599453,0.5712757197833295,0.5547288441863782
35.94089,-114.64175,0.1,Equipment and vehicle use,Human,2017,184,1,0.09531017980432487,0.4432436064764942,0.43954916327905574
35.95322,-114.85019,0.1,Fireworks,Human,2017,185,1,0.09531017980432487,0.45552821588340414,0.4530794135027087
35.87383,-114.66147,0.1,Arson/incendiarism,Human,2017,198,1,0.09531017980432487,0.44379296399041795,0.44010435267297077
35.90811,-114.62781,0.1,Equipment and vehicle use,Human,2017,202,1,0.09531017980432487,0.4433749214173181,0.439688317037674
35.953681,-114.668008,0.1,Equipment and vehicle use,Human,2017,235,1,0.09531017980432487,0.4433482075960992,0.43966042722535986
36.4803,-114.8058,0.1,Equipment and vehicle use,Human,2016,269,1,0.09531017980432487,0.5763531624139793,0.559568199756876
36.47322,-114.82208,0.3,Equipment and vehicle use,Human,2016,314,1,0.262364264467491,0.5763449145971317,0.5595644433925135
36.475,-114.835,2.5,Firearms and explosives use,Human,2017,139,1,1.252762968495368,0.5763395952231514,0.5595627991732751
36.5064,-114.7547,0.3,Equipment and vehicle use,Human,2017,143,1,0.262364264467491,0.763649675027522,0.7402239142247902
36.485,-114.7997,3.4,Equipment and vehicle use,Human,2017,173,1,1.4816045409242156,0.5763564909276988,0.5595690989341802
35.8522,-114.6358,0.1,Natural,Natural,2017,215,0,0.09531017980432487,0.4436916567927888,0.44000672989984285
36.4517,-114.9403,0.1,Firearms and explosives use,Human,2017,215,1,0.09531017980432487,0.4925781325215121,0.4923301141117606
36.4653,-114.8858,0.1,Debris and open burning,Human,2017,287,1,0.09531017980432487,0.4926508039540922,0.49237838386435084
36.1681,-113.8061,0.3,Natural,Natural,2018,226,0,0.262364264467491,0.05140348595392144,0.06063625925542972
35.8506,-114.0853,0.1,Equipment and vehicle use,Human,2018,113,1,0.09531017980432487,0.18330661168306944,0.2065720192389322
35.8358,-114.5664,0.1,Equipment and vehicle use,Human,2018,234,1,0.09531017980432487,0.35162748179024533,0.3532937200867534
36.095069,-113.9003,165.0,Natural,Natural,2018,168,0,5.111987788356544,0.044119750908910425,0.044410903895324615
36.08592,-114.08683,0.4,Equipment and vehicle use,Human,2018,72,1,0.33647223662121295,0.16577846339056238,0.1889988702264874
36.0314,-114.32324,0.1,Recreation and ceremony,Human,2018,95,1,0.09531017980432487,0.2417315927459522,0.2606016814344158
36.12798,-114.87159,0.1,Recreation and ceremony,Human,2018,174,1,0.09531017980432487,0.4914440828719703,0.4913308950056366
36.2097,-114.5698,0.6,Fireworks,Human,2018,184,1,0.4700036292457356,0.628647708699302,0.6068071974799031
36.112095,-114.86149,0.1,Smoking,Human,2018,196,1,0.09531017980432487,0.4901644769433534,0.48867010754910406
35.94691,-114.64699,0.1,Equipment and vehicle use,Human,2018,219,1,0.09531017980432487,0.4432312513990779,0.4395357827259504
35.952128,-114.65116,0.1,Smoking,Human,2018,240,1,0.09531017980432487,0.4432162914761362,0.4395195540594865
35.98908,-114.715388,0.1,Smoking,Human,2018,243,1,0.09531017980432487,0.4436948025816889,0.44001029590891083
36.2125,-114.9597,0.3,Recreation and ceremony,Human,2018,57,1,0.262364264467491,0.49239528689962925,0.49222920908932083
36.1039,-114.9992,0.1,Debris and open burning,Human,2018,59,1,0.09531017980432487,0.4920019565752575,0.4919808586804387
36.185,-114.9219,0.1,Debris and open burning,Human,2018,73,1,0.09531017980432487,0.4924191063726737,0.4922415159803805
36.1039,-114.9989,0.1,Recreation and ceremony,Human,2018,97,1,0.09531017980432487,0.49200158825338847,0.49198054572738475
36.1156,-114.9936,0.1,Debris and open burning,Human,2018,105,1,0.09531017980432487,0.4920605847531845,0.4920272768860675
36.524381,-113.904097,0.1,Recreation and ceremony,Human,2019,198,1,0.09531017980432487,0.0018085560229575413,0.00414988431106975
35.9339,-114.0861,0.3,Equipment and vehicle use,Human,2019,201,1,0.262364264467491,0.1832877426239077,0.20656893485979727
35.8747,-114.0664,0.1,Natural,Natural,2019,267,0,0.09531017980432487,0.18329189974272941,0.20656960529067062
35.84353,-113.86681,0.1,Natural,Natural,2019,267,0,0.09531017980432487,0.06182761945601851,0.07301228113505659
35.954595,-114.653805,0.3,Equipment and vehicle use,Human,2019,145,1,0.262364264467491,0.44321380480582717,0.43951682267897546
35.861095,-114.64899,0.1,Equipment and vehicle use,Human,2019,175,1,0.09531017980432487,0.4437475751200492,0.4400614328979253
35.9244,-114.6325,0.1,Equipment and vehicle use,Human,2019,173,1,0.09531017980432487,0.4433023150237122,0.4396108075543767
35.85263,-114.59199,0.1,Equipment and vehicle use,Human,2019,203,1,0.09531017980432487,0.4434473401243394,0.4397635120189464
36.07249,-114.06029,0.1,Equipment and vehicle use,Human,2019,243,1,0.09531017980432487,0.16555524753668213,0.18890278915279324
36.1097,-114.8883,0.1,Equipment and vehicle use,Human,2019,257,1,0.09531017980432487,0.491198513112954,0.4909322569070226
35.97983,-114.67289,0.1,Equipment and vehicle use,Human,2019,322,1,0.09531017980432487,0.4381716058958809,0.4341814048351385
36.4503,-114.9564,0.1,Equipment and vehicle use,Human,2019,25,1,0.09531017980432487,0.4925605539561874,0.4923193793521098
35.965,-114.9778,0.1,Firearms and explosives use,Human,2019,104,1,0.09531017980432487,0.4653866888914374,0.46226071226292814
36.2078,-114.9006,0.1,Debris and open burning,Human,2019,180,1,0.09531017980432487,0.49253458191630056,0.4923039804551782
36.2028,-114.995,0.1,Fireworks,Human,2019,185,1,0.09531017980432487,0.4923317965511083,0.49219638723835346
36.1644,-114.2761,4465.0,Natural,Natural,2019,205,0,8.404248432400102,0.886220323949736,0.8795952034762966
36.4711,-114.8194,1.6,Equipment and vehicle use,Human,2019,209,1,0.9555114450274363,0.5763457750463956,0.5595645347137925
36.1953,-114.9286,0.1,Equipment and vehicle use,Human,2019,212,1,0.09531017980432487,0.4924249301616143,0.49224452944876884
36.5239,-114.7317,0.1,Equipment and vehicle use,Human,2019,256,1,0.09531017980432487,0.7636888704478614,0.7402574844136024
35.97250532,-114.09331161,0.25,Equipment and vehicle use,Human,2020,219,1,0.22314355131420976,0.18327070894481604,0.20656620269705572
36.5223054,-113.86501162,38628.0,Natural,Natural,2020,131,0,10.561758568708644,0.001966714471461699,0.004317486412036828
36.54537538,-114.18031169,16.0,Equipment and vehicle use,Human,2020,265,1,2.833213344056216,0.7942105778207806,0.782589133483473
35.82078532,-113.77691154,600.0,Natural,Natural,2020,206,0,6.398594934535208,0.061830223728929476,0.07301231865191712
35.96619279,-114.09281039,0.25,Equipment and vehicle use,Human,2020,219,1,0.22314355131420976,0.18327592719531038,0.20656704519138094
36.57583537,-114.48581175,0.1,Firearms and explosives use,Human,2020,229,1,0.09531017980432487,0.76403089960805,0.7405737504405858
36.41803534,-114.55231174,0.1,Arson/incendiarism,Human,2020,160,1,0.09531017980432487,0.711444436114863,0.6871284155873723
36.30782768,-114.42903527,0.1,Recreation and ceremony,Human,2020,159,1,0.09531017980432487,0.6916229015865049,0.6663350652540205
36.45279533,-114.8423118,0.5,Fireworks,Human,2020,186,1,0.4054651081081644,0.500719266266767,0.5016496193455323
36.44998532,-114.94531182,0.1,Firearms and explosives use,Human,2020,188,1,0.09531017980432487,0.49257222445411003,0.49232645543575854
36.48388533,-114.93801182,0.1,Firearms and explosives use,Human,2020,222,1,0.09531017980432487,0.49258733695694684,0.4923358914724415
36.46888533,-114.8259118,0.31,Equipment and vehicle use,Human,2020,247,1,0.27002713721306015,0.5763425356276707,0.5595637357386566
36.34179532,-114.84061179,14.0,Firearms and explosives use,Human,2020,214,1,2.70805020110221,0.500701292889948,0.5016361250770133
36.40178532,-114.8603118,0.1,Firearms and explosives use,Human,2020,209,1,0.09531017980432487,0.4926987788258425,0.4924140166119233
36.40208532,-114.8599118,0.1,Firearms and explosives use,Human,2020,209,1,0.09531017980432487,0.4926996541614077,0.4924147119242254
36.2056653,-114.90041179,0.1,Arson/incendiarism,Human,2020,245,1,0.09531017980432487,0.492532476130023,0.49230275982340926
36.40240532,-114.8726118,5.3,Firearms and explosives use,Human,2020,138,1,1.840549633397487,0.4926722692836475,0.49239390651064696
36.44987532,-114.95531182,0.71,Firearms and explosives use,Human,2020,200,1,0.5364933705145685,0.4925615694463951,0.4923199715543124
36.45008532,-114.95471182,0.1,Firearms and explosives use,Human,2020,250,1,0.09531017980432487,0.49256224886685795,0.49232037381209204
36.43924532,-114.97571182,4.9,Firearms and explosives use,Human,2020,162,1,1.7749523509116738,0.4925379980601888,0.49230599914408324
36.43892532,-114.96411182,0.1,Fireworks,Human,2020,185,1,0.09531017980432487,0.49254943584881844,0.49231267884873464
36.44040532,-114.96411182,0.1,Firearms and explosives use,Human,2020,159,1,0.09531017980432487,0.4925498739033949,0.4923129442885574
36.43950532,-114.97051182,1.0,Firearms and explosives use,Human,2020,159,1,0.6931471805599453,0.4925431743517981,0.4923089731611567
36.44044532,-114.97421182,3.8,Firearms and explosives use,Human,2020,154,1,1.5686159179138452,0.49253983344054225,0.49230705599570596
36.44294532,-114.96931182,0.1,Fireworks,Human,2020,155,1,0.09531017980432487,0.49254541073490615,0.4923103210573351
36.44907532,-114.95321182,0.1,Firearms and explosives use,Human,2020,187,1,0.09531017980432487,0.49256355454435524,0.49232110515410116
36.45039532,-114.95461182,0.1,Fireworks,Human,2020,198,1,0.09531017980432487,0.4925624341008272,0.4923204789164587
36.2116153,-114.94331179,0.1,Arson/incendiarism,Human,2020,141,1,0.09531017980432487,0.4924230270315158,0.4922435758727765
36.20950529,-114.9926118,0.1,Fireworks,Human,2020,187,1,0.09531017980432487,0.4923460411160336,0.49220381074969816
36.09822529,-114.85141177,0.1,Equipment and vehicle use,Human,2020,221,1,0.09531017980432487,0.48946819202630637,0.4867714185167866
36.1581653,-114.81221176,0.1,Arson/incendiarism,Human,2020,143,1,0.09531017980432487,0.5016703209224534,0.5024938304125323
36.2016753,-114.89681178,0.1,Arson/incendiarism,Human,2020,245,1,0.09531017980432487,0.49254179766532485,0.4923081997701513
36.19110531,-114.73421175,0.1,Equipment and vehicle use,Human,2020,275,1,0.09531017980432487,0.5763018484546732,0.5595518911516886
36.2022753,-114.89631178,0.1,Arson/incendiarism,Human,2020,245,1,0.09531017980432487,0.4925447551341977,0.49230995071211403
36.2023753,-114.89651178,0.1,Arson/incendiarism,Human,2020,245,1,0.09531017980432487,0.49254402591984553,0.4923094964734999
36.2034753,-114.91291179,0.1,Arson/incendiarism,Human,2020,193,1,0.09531017980432487,0.4924850624308102,0.49227623609464904
35.97175528,-114.68731172,0.1,Equipment and vehicle use,Human,2020,180,1,0.09531017980432487,0.443370898073146,0.43968409915713785
36.00214528,-114.72411173,0.1,Equipment and vehicle use,Human,2020,19,1,0.09531017980432487,0.4437648979322589,0.4400782384414611
36.03040531,-114.32431166,0.4,Recreation and ceremony,Human,2020,158,1,0.33647223662121295,0.241840686545385,0.2606925893821026
36.03720528,-114.80091175,0.1,Recreation and ceremony,Human,2020,180,1,0.09531017980432487,0.4595052300639968,0.4579630002689758
36.20642529,-114.9630118,0.1,Fireworks,Human,2020,152,1,0.09531017980432487,0.4923794344231639,0.49222106108246777
36.20071529,-114.9944118,0.1,Arson/incendiarism,Human,2020,187,1,0.09531017980432487,0.4923286441231433,0.4921959727192098
36.20039529,-114.9954118,0.1,Fireworks,Human,2020,187,1,0.09531017980432487,0.4923270011287918,0.492194031465059
36.20636529,-114.9633118,0.1,Equipment and vehicle use,Human,2020,205,1,0.09531017980432487,0.4923788637431501,0.4922207671705844
36.2034353,-114.91301179,0.1,Debris and open burning,Human,2020,245,1,0.09531017980432487,0.4924846773692574,0.49227604856487467
36.20123529,-114.9831118,0.2,Arson/incendiarism,Human,2020,196,1,0.18232155679395465,0.4923423951352662,0.49220192837959403
36.20233529,-114.9753118,0.1,Arson/incendiarism,Human,2020,245,1,0.09531017980432487,0.49235430215943493,0.4922082211869619
36.11861528,-114.98211179,0.1,Equipment and vehicle use,Human,2020,83,1,0.09531017980432487,0.49206937201790313,0.492033884552804
36.12014528,-114.97461179,0.1,Recreation and ceremony,Human,2020,95,1,0.09531017980432487,0.492073432414658,0.4920369191229426
36.18422529,-114.92311179,0.1,Arson/incendiarism,Human,2020,208,1,0.09531017980432487,0.49241367472080066,0.4922387213960502
36.18387529,-114.92371179,0.1,Debris and open burning,Human,2020,307,1,0.09531017980432487,0.49241108832829256,0.49223738007663054
36.20188529,-114.9663118,0.1,Debris and open burning,Human,2020,205,1,0.09531017980432487,0.49236600476059034,0.4922141753898982
36.04570528,-114.91791177,0.13,Fireworks,Human,2020,184,1,0.12221763272424921,0.49059235133680357,0.48970589039382684
35.90694528,-114.62361171,0.1,Recreation and ceremony,Human,2020,225,1,0.09531017980432487,0.4433560354894724,0.43966854292961616
35.96569521,-114.67221125,0.1,Equipment and vehicle use,Human,2020,150,1,0.09531017980432487,0.44326327859251663,0.43957021212374453
35.92422526,-114.95461177,0.1,Equipment and vehicle use,Human,2020,232,1,0.09531017980432487,0.46523588260266197,0.46215808140710163
35.93525526,-114.96861177,0.1,Fireworks,Human,2020,232,1,0.09531017980432487,0.46528909827771114,0.46219327319582293
35.97873527,-114.96521178,0.1,Debris and open burning,Human,2020,78,1,0.09531017980432487,0.4654129927120114,0.4622822347800549
35.87099527,-114.65001171,0.1,Recreation and ceremony,Human,2020,244,1,0.09531017980432487,0.4437157712031011,0.4400306766260219
35.87643527,-114.73131172,0.1,Equipment and vehicle use,Human,2020,264,1,0.09531017980432487,0.44441895394393677,0.44063537449345763
35.86714527,-114.66311171,0.1,Debris and open burning,Human,2020,240,1,0.09531017980432487,0.4438316593571978,0.44014068113116595
35.80054527,-114.53421168,0.5,Equipment and vehicle use,Human,2020,165,1,0.4054651081081644,0.35159198855848944,0.3532821395603752
